"","","","","","","","","Survey","Question 1","Question 2","Question 3","Question 4","Question 5"
,,,,,,,,"Question Text","Thank you for participating in this study. On the next page, you will see a link to an online document, which displays the questions you are going to answer during each prompt in a hierarchical way. ","Please come back to this app and click ""next"" after you review the document:Survey Flowchart","The ExpiWell App will prompt you to answer questions 6 times per day, for 7 consecutive days, starting tomorrow. When answering questions, please respond based on your state directly before the prompt. We are interested in your immediate experience, not your experience 5 or 10 minutes in the past.One day after you complete all of the ExpiWell prompts, you will receive an invitation code for receiving your SONA credits. ","Important Notes:Do not respond to the prompts while you are driving, or while involved in any task that requires using your hands for safety. We do not want to endanger you, so please take caution!","Please input your UCSD student PID.Please double-check correct entry, as it's very important to our data collection. (Any identifiable information will be removed for data analysis.)"
,,,,,,,,"Response Type","Instruction","Instruction","Instruction","Instruction","Text"
"Start Date","End Date","Time Scheduled","Duration (in seconds)","Finished","Participant ID","Location - Lat","Location - Long","Choices",,,,,
"03/29/2022 1:15PM","03/29/2022 1:17PM","03/29/2022 09:00AM - 03/29/2022 9:59PM",142.005,"Yes","624367be5748fb0ddb25c279","0.0","0.0","Participant 1",,,,,"Test"
"03/31/2022 2:51PM","03/31/2022 2:54PM","03/31/2022 09:00AM - 03/31/2022 9:59PM",125.705,"Yes","61f7e41b3795b90d9cb2165a","0.0","0.0","Participant 2",,,,,"Madeleine "
"04/02/2022 5:04PM","04/02/2022 5:06PM","04/02/2022 09:00AM - 04/02/2022 9:59PM",90.894,"Yes","6248e428a789330da7928808","0.0","0.0","Participant 3",,,,,"A17158772"
"04/03/2022 2:10PM","04/03/2022 2:11PM","04/03/2022 09:00AM - 04/03/2022 9:59PM",52.686,"Yes","624a0d1da789330da79291b0","0.0","0.0","Participant 4",,,,,"A17155948"
"04/04/2022 09:42AM","04/04/2022 09:44AM","04/04/2022 09:00AM - 04/04/2022 9:59PM",94.226,"Yes","624aa1f4a789330da7929460","0.0","0.0","Participant 6",,,,,"A17151380"
"04/04/2022 5:23PM","04/04/2022 5:24PM","04/04/2022 09:00AM - 04/04/2022 9:59PM",62.817,"Yes","624b8a9ea789330da7929dfc",,,"Participant 7",,,,,"A15575239"
"04/04/2022 8:01PM","04/04/2022 8:03PM","04/04/2022 09:00AM - 04/04/2022 9:59PM",159.52,"Yes","624bb0a6a789330da7929e86","0.0","0.0","Participant 8",,,,,"A15959775"
"04/07/2022 3:05PM","04/07/2022 3:06PM","04/07/2022 09:00AM - 04/07/2022 9:59PM",52.436,"Yes","624f60147c231a51eb3c0eb8","0.0","0.0","Participant 9",,,,,"A16657377"
"04/09/2022 12:00PM","04/09/2022 12:03PM","04/09/2022 09:00AM - 04/09/2022 9:59PM",183.06,"Yes","625153e496024c588cb286d1","0.0","0.0","Participant 10",,,,,"A16404746"
"04/10/2022 5:48PM","04/10/2022 5:49PM","04/10/2022 09:00AM - 04/10/2022 9:59PM",72.811,"Yes","62537ab396024c588cb28d42","0.0","0.0","Participant 11",,,,,"A15389965"
"04/12/2022 2:15PM","04/12/2022 2:16PM","04/12/2022 09:00AM - 04/12/2022 9:59PM",77.708,"Yes","6255ebab96024c588cb2971b","0.0","0.0","Participant 12",,,,,"A15595325"
"04/12/2022 6:10PM","04/12/2022 6:12PM","04/12/2022 09:00AM - 04/12/2022 9:59PM",98.017,"Yes","625622a296024c588cb29827",,,"Participant 13",,,,,"A16598939"
"04/15/2022 09:00AM","04/15/2022 09:02AM","04/15/2022 09:00AM - 04/15/2022 9:59PM",85.24,"Yes","6259960e96024c588cb2a14f","0.0","0.0","Participant 14",,,,,"A17055840"
"04/15/2022 12:09PM","04/15/2022 12:11PM","04/15/2022 09:00AM - 04/15/2022 9:59PM",86.056,"Yes","6259c28796024c588cb2a1f2",,,"Participant 15",,,,,"A16199023"
"04/17/2022 5:17PM","04/17/2022 5:18PM","04/17/2022 09:00AM - 04/17/2022 9:59PM",97.938,"Yes","625cadca96024c588cb2a6c7","0.0","0.0","Participant 17",,,,,"A16454931"
"04/18/2022 9:55PM","04/18/2022 9:56PM","04/18/2022 09:00AM - 04/18/2022 9:59PM",40.934,"Yes","625e407f96024c588cb2abf8","0.0","0.0","Participant 18",,,,,"A17202947"
"04/22/2022 2:14PM","04/22/2022 2:15PM","04/22/2022 09:00AM - 04/22/2022 9:59PM",68.753,"Yes","62631a720620670dec7d3924","0.0","0.0","Participant 20",,,,,"A15983270"
"04/26/2022 9:34PM","04/26/2022 9:35PM","04/26/2022 09:00AM - 04/26/2022 9:59PM",79.311,"Yes","6268c788a24bb40ddc121954","0.0","0.0","Participant 23",,,,,"A16256529"
"04/28/2022 10:50AM","04/28/2022 10:52AM","04/28/2022 09:00AM - 04/28/2022 9:59PM",92.959,"Yes","626ad3c870be000de88cae50","0.0","0.0","Participant 24",,,,,"A17223908"
"04/29/2022 09:56AM","04/29/2022 09:57AM","04/29/2022 09:00AM - 04/29/2022 9:59PM",47.879,"Yes","626b933870be000de88cb43c","0.0","0.0","Participant 25",,,,,"A16151047"
"05/02/2022 12:04PM","05/02/2022 12:06PM","05/02/2022 09:00AM - 05/02/2022 9:59PM",117.39,"Yes","62702a69fe66e90df384981a",,,"Participant 27",,,,,"A16653271"
"05/02/2022 12:57PM","05/02/2022 12:57PM","05/02/2022 09:00AM - 05/02/2022 9:59PM",37.631,"Yes","627036c7fe66e90df38498ee","0.0","0.0","Participant 28",,,,,"A17217286"
"05/02/2022 3:27PM","05/02/2022 3:30PM","05/02/2022 09:00AM - 05/02/2022 9:59PM",195.594,"Yes","62705a47fe66e90df3849a01","0.0","0.0","Participant 29",,,,,"PID：A17179730"
"05/02/2022 4:59PM","05/02/2022 5:00PM","05/02/2022 09:00AM - 05/02/2022 9:59PM",99.78,"Yes","62707021fe66e90df3849a6f","0.0","0.0","Participant 30",,,,,"A16334745"
"05/02/2022 9:47PM","05/02/2022 9:48PM","05/02/2022 09:00AM - 05/02/2022 9:59PM",103.705,"Yes","6270b3a7fe66e90df3849b68","0.0","0.0","Participant 31",,,,,"A16790705"
"05/03/2022 10:53AM","05/03/2022 10:53AM","05/03/2022 09:00AM - 05/03/2022 9:59PM",23.866,"Yes","6270e376fe66e90df3849ce1","0.0","0.0","Participant 33",,,,,"A16306765"
"05/03/2022 1:22PM","05/03/2022 1:24PM","05/03/2022 09:00AM - 05/03/2022 9:59PM",137.178,"Yes","62718e5dfe66e90df384a290","0.0","0.0","Participant 34",,,,,"A16247845"
"05/03/2022 2:39PM","05/03/2022 2:40PM","05/03/2022 09:00AM - 05/03/2022 9:59PM",55.326,"Yes","6271a08bfe66e90df384a30a","0.0","0.0","Participant 35",,,,,"A16894555"
"05/03/2022 8:59PM","05/03/2022 9:03PM","05/03/2022 09:00AM - 05/03/2022 9:59PM",214.619,"Yes","6271f9d6fe66e90df384a41c","0.0","0.0","Participant 36",,,,,"A16940671"
"05/04/2022 4:25PM","05/04/2022 4:25PM","05/04/2022 09:00AM - 05/04/2022 9:59PM",15.716,"Yes","62730b50fe66e90df384b16a","0.0","0.0","Participant 38",,,,,"A17194011"
"05/04/2022 7:06PM","05/04/2022 7:08PM","05/04/2022 09:00AM - 05/04/2022 9:59PM",98.214,"Yes","627330f7fe66e90df384b1fa","0.0","0.0","Participant 39",,,,,"A15389004"
"05/05/2022 2:54PM","05/05/2022 2:56PM","05/05/2022 09:00AM - 05/05/2022 9:59PM",128.399,"Yes","627447478e0a1b1e6e4d9417","0.0","0.0","Participant 40",,,,,"A16771475"
"05/05/2022 5:31PM","05/05/2022 5:32PM","05/05/2022 09:00AM - 05/05/2022 9:59PM",51.65,"Yes","62746c268e0a1b1e6e4d94a0","0.0","0.0","Participant 41",,,,,"A17078999"
"05/05/2022 6:50PM","05/05/2022 6:51PM","05/05/2022 09:00AM - 05/05/2022 9:59PM",107.33,"Yes","62747e9d8e0a1b1e6e4d94df","0.0","0.0","Participant 42",,,,,"A16954857"
"05/06/2022 09:08AM","05/06/2022 09:09AM","05/06/2022 09:00AM - 05/06/2022 9:59PM",32.99,"Yes","6274c79f8e0a1b1e6e4d95a9","0.0","0.0","Participant 43",,,,,"A15563979"
"05/06/2022 3:43PM","05/06/2022 3:44PM","05/06/2022 09:00AM - 05/06/2022 9:59PM",61.019,"Yes","6275a4548e0a1b1e6e4da091","0.0","0.0","Participant 44",,,,,"A16719651"
"05/06/2022 5:32PM","05/06/2022 5:35PM","05/06/2022 09:00AM - 05/06/2022 9:59PM",135.355,"Yes","6275be068e0a1b1e6e4da0e1","0.0","0.0","Participant 45",,,,,"A16649430"
"05/06/2022 9:39PM","05/06/2022 9:42PM","05/06/2022 09:00AM - 05/06/2022 9:59PM",122.426,"Yes","6275f7ea8e0a1b1e6e4da16e","0.0","0.0","Participant 46",,,,,"A16352222"
"05/07/2022 1:21PM","05/07/2022 1:23PM","05/07/2022 09:00AM - 05/07/2022 9:59PM",122.859,"Yes","6276d4328e0a1b1e6e4dab43","0.0","0.0","Participant 48",,,,,"A17110410"
"05/07/2022 3:36PM","05/07/2022 3:38PM","05/07/2022 09:00AM - 05/07/2022 9:59PM",102.894,"Yes","6276f4248e0a1b1e6e4daba7","0.0","0.0","Participant 49",,,,,"A16786525"
"05/07/2022 4:36PM","05/07/2022 4:37PM","05/07/2022 09:00AM - 05/07/2022 9:59PM",68.823,"Yes","627702318e0a1b1e6e4dabd0","0.0","0.0","Participant 50",,,,,"A16299633"
"05/07/2022 4:47PM","05/07/2022 4:49PM","05/07/2022 09:00AM - 05/07/2022 9:59PM",123.918,"Yes","627704aa8e0a1b1e6e4dabda","0.0","0.0","Participant 51",,,,,"A16552953"
"05/07/2022 8:16PM","05/07/2022 8:16PM","05/07/2022 09:00AM - 05/07/2022 9:59PM",27.476,"Yes","6277353f8e0a1b1e6e4dac3a","0.0","0.0","Participant 52",,,,,"A16642946"
"05/07/2022 8:23PM","05/07/2022 8:24PM","05/07/2022 09:00AM - 05/07/2022 9:59PM",62.647,"Yes","6277379b8e0a1b1e6e4dac44","0.0","0.0","Participant 53",,,,,"A16767287"
"05/07/2022 9:14PM","05/07/2022 9:18PM","05/07/2022 09:00AM - 05/07/2022 9:59PM",207.365,"Yes","627743718e0a1b1e6e4dac55","0.0","0.0","Participant 54",,,,,"A17222178"
"05/08/2022 1:08PM","05/08/2022 1:11PM","05/08/2022 09:00AM - 05/08/2022 9:59PM",139.933,"Yes","627822b58e0a1b1e6e4db5d9","0.0","0.0","Participant 55",,,,,"A16194975"
"05/08/2022 2:14PM","05/08/2022 2:15PM","05/08/2022 09:00AM - 05/08/2022 9:59PM",33.348,"Yes","627831bd8e0a1b1e6e4db63b","0.0","0.0","Participant 56",,,,,"A17147307"
"05/08/2022 3:44PM","05/08/2022 3:46PM","05/08/2022 09:00AM - 05/08/2022 9:59PM",84.623,"Yes","627847bd8e0a1b1e6e4db677","0.0","0.0","Participant 57",,,,,"A16895719"
"05/08/2022 5:10PM","05/08/2022 5:12PM","05/08/2022 09:00AM - 05/08/2022 9:59PM",72.924,"Yes","62785bd48e0a1b1e6e4db695","0.0","0.0","Participant 58",,,,,"A15487952"
"05/08/2022 5:39PM","05/08/2022 5:41PM","05/08/2022 09:00AM - 05/08/2022 9:59PM",160.847,"Yes","627862448e0a1b1e6e4db6af","0.0","0.0","Participant 59",,,,,"A17049706"
"05/08/2022 7:01PM","05/08/2022 7:02PM","05/08/2022 09:00AM - 05/08/2022 9:59PM",48.373,"Yes","627875de8e0a1b1e6e4db6d7","0.0","0.0","Participant 60",,,,,"A16653979"
"05/09/2022 09:35AM","05/09/2022 09:36AM","05/09/2022 09:00AM - 05/09/2022 9:59PM",86.671,"Yes","627942a28e0a1b1e6e4dc107","0.0","0.0","Participant 62",,,,,"A15486633"
"05/09/2022 3:55PM","05/09/2022 3:57PM","05/09/2022 09:00AM - 05/09/2022 9:59PM",150.988,"Yes","62799af28e0a1b1e6e4dc693",,,"Participant 63",,,,,"A17137899"
"05/09/2022 9:41PM","05/09/2022 9:44PM","05/09/2022 09:00AM - 05/09/2022 9:59PM",167.444,"Yes","6279ecd28e0a1b1e6e4dc7da","0.0","0.0","Participant 64",,,,,"A17044096"
"05/10/2022 10:13AM","05/10/2022 10:14AM","05/10/2022 09:00AM - 05/10/2022 9:59PM",57.689,"Yes","627a29fccad8430de894ae0a",,,"Participant 65",,,,,"A15468375"
"05/10/2022 09:00AM","05/10/2022 09:01AM","05/10/2022 09:00AM - 05/10/2022 9:59PM",85.386,"Yes","627a84b365d07a71b285dae8","0.0","0.0","Participant 66",,,,,"A16778872"
"05/10/2022 1:22PM","05/10/2022 1:22PM","05/10/2022 09:00AM - 05/10/2022 9:59PM",25.632,"Yes","627a851865d07a71b285dafe","0.0","0.0","Participant 67",,,,,"A16979564"
"05/10/2022 12:17PM","05/10/2022 12:19PM","05/10/2022 09:00AM - 05/10/2022 9:59PM",71.033,"Yes","627aba3f65d07a71b285de75","0.0","0.0","Participant 68",,,,,"A15825070"
"05/10/2022 3:17PM","05/10/2022 3:18PM","05/10/2022 09:00AM - 05/10/2022 9:59PM",110.536,"Yes","627ae42165d07a71b285e0a9","0.0","0.0","Participant 69",,,,,"A16632020"
"05/10/2022 9:00PM","05/10/2022 9:05PM","05/10/2022 09:00AM - 05/10/2022 9:59PM",273.928,"Yes","5e5591f04ea1000f9ff23120","0.0","0.0","Participant 70",,,,,"A15937170"
"05/11/2022 09:53AM","05/11/2022 09:57AM","05/11/2022 09:00AM - 05/11/2022 9:59PM",230.363,"Yes","627b630a65d07a71b285e4a6","0.0","0.0","Participant 71",,,,,"A16917384"
"05/11/2022 09:55AM","05/11/2022 09:58AM","05/11/2022 09:00AM - 05/11/2022 9:59PM",162.897,"Yes","627b6bbf65d07a71b285e536","0.0","0.0","Participant 72",,,,,"A15583685"
"05/11/2022 10:40AM","05/11/2022 10:41AM","05/11/2022 09:00AM - 05/11/2022 9:59PM",59.349,"Yes","627bf4a365d07a71b285f132","0.0","0.0","Participant 73",,,,,"A17204514"
"05/11/2022 6:10PM","05/11/2022 6:14PM","05/11/2022 09:00AM - 05/11/2022 9:59PM",225.666,"Yes","627c5e5065d07a71b285f621","0.0","0.0","Participant 74",,,,,"A15949517"
"05/11/2022 7:10PM","05/11/2022 7:11PM","05/11/2022 09:00AM - 05/11/2022 9:59PM",88.571,"Yes","627c6bfc65d07a71b285f651","0.0","0.0","Participant 75",,,,,"A17218525"
"05/11/2022 8:41PM","05/11/2022 8:43PM","05/11/2022 09:00AM - 05/11/2022 9:59PM",91.509,"Yes","627c81be65d07a71b285f6a4","0.0","0.0","Participant 76",,,,,"A16306089"
"05/12/2022 3:42PM","05/12/2022 3:45PM","05/12/2022 09:00AM - 05/12/2022 9:59PM",165.152,"Yes","627d8d1465d07a71b28607c3","0.0","0.0","Participant 79",,,,,"A17132665"
"05/13/2022 10:05AM","05/13/2022 10:06AM","05/13/2022 09:00AM - 05/13/2022 9:59PM",44.488,"Yes","627e8fa865d07a71b2861222","0.0","0.0","Participant 80",,,,,"A17082219"
"05/13/2022 11:19AM","05/13/2022 11:20AM","05/13/2022 09:00AM - 05/13/2022 9:59PM",63.761,"Yes","627ea0e165d07a71b28612e1","0.0","0.0","Participant 81",,,,,"A17138627"
"05/13/2022 6:24PM","05/13/2022 6:28PM","05/13/2022 09:00AM - 05/13/2022 9:59PM",198.267,"Yes","627f04a365d07a71b2861632","0.0","0.0","Participant 82",,,,,"A16248767"
"05/14/2022 11:54AM","05/14/2022 11:57AM","05/14/2022 09:00AM - 05/14/2022 9:59PM",187.413,"Yes","627f637b65d07a71b2861820","0.0","0.0","Participant 84",,,,,"A16375409"
"05/14/2022 10:38AM","05/14/2022 10:40AM","05/14/2022 09:00AM - 05/14/2022 9:59PM",129.544,"Yes","627fe88765d07a71b2861cba","0.0","0.0","Participant 85",,,,,"A16549964"
"05/14/2022 3:18PM","05/14/2022 3:20PM","05/14/2022 09:00AM - 05/14/2022 9:59PM",148.383,"Yes","62802a4965d07a71b2861f17","0.0","0.0","Participant 86",,,,,"A17237915"
"05/14/2022 6:13PM","05/14/2022 6:14PM","05/14/2022 09:00AM - 05/14/2022 9:59PM",36.668,"Yes","6280539a65d07a71b2861f79","0.0","0.0","Participant 87",,,,,"A17099416"
"05/14/2022 6:15PM","05/14/2022 6:15PM","05/14/2022 09:00AM - 05/14/2022 9:59PM",11.355,"Yes","6280539a65d07a71b2861f79","0.0","0.0","Participant 87",,,,,"A17099416"
"05/15/2022 10:16AM","05/15/2022 10:20AM","05/15/2022 09:00AM - 05/15/2022 9:59PM",223.941,"Yes","6280b12165d07a71b28620bd","0.0","0.0","Participant 89",,,,,"A16374547"
"05/15/2022 12:13PM","05/15/2022 12:14PM","05/15/2022 09:00AM - 05/15/2022 9:59PM",43.164,"Yes","6281509665d07a71b286266a",,,"Participant 90",,,,,"A16346077"
"05/15/2022 12:45PM","05/15/2022 12:46PM","05/15/2022 09:00AM - 05/15/2022 9:59PM",84.37,"Yes","6281581865d07a71b28626f1","0.0","0.0","Participant 91",,,,,"A15912815"
"05/15/2022 2:08PM","05/15/2022 2:09PM","05/15/2022 09:00AM - 05/15/2022 9:59PM",54.94,"Yes","62816ba465d07a71b28627af","0.0","0.0","Participant 92",,,,,"A16648681"
"05/15/2022 2:10PM","05/15/2022 2:12PM","05/15/2022 09:00AM - 05/15/2022 9:59PM",149.536,"Yes","62816bfb65d07a71b28627b6","0.0","0.0","Participant 93",,,,,"A16759709"
"05/15/2022 2:42PM","05/15/2022 2:43PM","05/15/2022 09:00AM - 05/15/2022 9:59PM",66.469,"Yes","628173af65d07a71b28627c8","0.0","0.0","Participant 94",,,,,"A16950843"
"05/15/2022 3:23PM","05/15/2022 3:24PM","05/15/2022 09:00AM - 05/15/2022 9:59PM",54.645,"Yes","62817ceb65d07a71b28627dd","0.0","0.0","Participant 95",,,,,"A17021363"
"05/15/2022 9:34PM","05/15/2022 9:35PM","05/15/2022 09:00AM - 05/15/2022 9:59PM",65.733,"Yes","6281d36565d07a71b2862890","0.0","0.0","Participant 96",,,,,"A16221371"
"05/16/2022 11:35AM","05/16/2022 11:38AM","05/16/2022 09:00AM - 05/16/2022 9:59PM",173.265,"Yes","6282991065d07a71b286308a","0.0","0.0","Participant 99",,,,,"A16871410"
"05/16/2022 1:23PM","05/16/2022 1:24PM","05/16/2022 09:00AM - 05/16/2022 9:59PM",81.87,"Yes","6282b29165d07a71b2863269",,,"Participant 101",,,,,"A16970996"
"05/16/2022 1:49PM","05/16/2022 1:51PM","05/16/2022 09:00AM - 05/16/2022 9:59PM",111.922,"Yes","6282b88f65d07a71b28632ac","0.0","0.0","Participant 102",,,,,"A26535007"
"05/16/2022 4:28PM","05/16/2022 4:30PM","05/16/2022 09:00AM - 05/16/2022 9:59PM",104.707,"Yes","6282ddf665d07a71b2863353","0.0","0.0","Participant 103",,,,,"A16796921"
"05/16/2022 9:27PM","05/16/2022 9:30PM","05/16/2022 09:00AM - 05/16/2022 9:59PM",177.836,"Yes","628323e565d07a71b28634a5","0.0","0.0","Participant 104",,,,,"A16100511"
"05/17/2022 4:31PM","05/17/2022 4:32PM","05/17/2022 09:00AM - 05/17/2022 9:59PM",52.91,"Yes","6284301765d07a71b2863fb5","0.0","0.0","Participant 105",,,,,"A16688035"
"05/17/2022 7:13PM","05/17/2022 7:14PM","05/17/2022 09:00AM - 05/17/2022 9:59PM",56.856,"Yes","628455ff65d07a71b286404b","0.0","0.0","Participant 106",,,,,"A16794608"
"05/17/2022 9:49PM","05/17/2022 9:50PM","05/17/2022 09:00AM - 05/17/2022 9:59PM",85.441,"Yes","62847a8b65d07a71b28640cf","0.0","0.0","Participant 107",,,,,"A17183839"
"05/18/2022 09:49AM","05/18/2022 09:49AM","05/18/2022 09:00AM - 05/18/2022 9:59PM",39.674,"Yes","6285233665d07a71b28648ea",,,"Participant 110",,,,,"A15442572"
"05/18/2022 11:30AM","05/18/2022 11:31AM","05/18/2022 09:00AM - 05/18/2022 9:59PM",77.879,"Yes","62853b0b65d07a71b28649ca","0.0","0.0","Participant 111",,,,,"A16132943"
"05/18/2022 5:47PM","05/18/2022 5:48PM","05/18/2022 09:00AM - 05/18/2022 9:59PM",57.678,"Yes","628592e665d07a71b2864d33","0.0","0.0","Participant 112",,,,,"A16634387"
"05/18/2022 7:08PM","05/18/2022 7:10PM","05/18/2022 09:00AM - 05/18/2022 9:59PM",88.957,"Yes","6285a67c65d07a71b2864d86","0.0","0.0","Participant 113",,,,,"A16055379"
"05/19/2022 10:18AM","05/19/2022 10:19AM","05/19/2022 09:00AM - 05/19/2022 9:59PM",46.068,"Yes","62867bbe65d07a71b2865483","0.0","0.0","Participant 115",,,,,"A17183558"
"05/19/2022 1:45PM","05/19/2022 1:46PM","05/19/2022 09:00AM - 05/19/2022 9:59PM",20.751,"Yes","6286ac6065d07a71b2865724","0.0","0.0","Participant 117",,,,,"A16122991"
"05/19/2022 4:51PM","05/19/2022 4:52PM","05/19/2022 09:00AM - 05/19/2022 9:59PM",41.934,"Yes","6286d7ea65d07a71b28657e8","0.0","0.0","Participant 118",,,,,"A16371496"
"05/20/2022 11:30AM","05/20/2022 11:32AM","05/20/2022 09:00AM - 05/20/2022 9:59PM",92.284,"Yes","6287de1d65d07a71b28663ba","0.0","0.0","Participant 119",,,,,"UCSD A16105494"
"05/20/2022 2:13PM","05/20/2022 2:13PM","05/20/2022 09:00AM - 05/20/2022 9:59PM",49.555,"Yes","6288043365d07a71b28665e8","0.0","0.0","Participant 120",,,,,"A15003578"
"05/20/2022 8:19PM","05/20/2022 8:19PM","05/20/2022 09:00AM - 05/20/2022 9:59PM",27.184,"Yes","628859fd65d07a71b286676c","0.0","0.0","Participant 121",,,,,"A16666099"
"05/21/2022 2:03PM","05/21/2022 2:05PM","05/21/2022 09:00AM - 05/21/2022 9:59PM",79.028,"Yes","6289518565d07a71b2867050","0.0","0.0","Participant 122",,,,,"A17208103"
"05/21/2022 2:37PM","05/21/2022 2:38PM","05/21/2022 09:00AM - 05/21/2022 9:59PM",15.472,"Yes","62895b8665d07a71b2867077","0.0","0.0","Participant 123",,,,,"A16578856"
"05/21/2022 3:59PM","05/21/2022 4:00PM","05/21/2022 09:00AM - 05/21/2022 9:59PM",41.463,"Yes","62896ec665d07a71b286709f","0.0","0.0","Participant 124",,,,,"A16809208"
"05/23/2022 12:34PM","05/23/2022 12:34PM","05/23/2022 09:00AM - 05/23/2022 9:59PM",19.323,"Yes","628b3bb265d07a71b2867b1d","0.0","0.0","Participant 126",,,,,"A16688105"
"05/23/2022 10:05AM","05/23/2022 10:06AM","05/23/2022 09:00AM - 05/23/2022 9:59PM",64.923,"Yes","628bbe8265d07a71b286802f","0.0","0.0","Participant 127",,,,,"A16759667"
"05/23/2022 12:19PM","05/23/2022 12:20PM","05/23/2022 09:00AM - 05/23/2022 9:59PM",60.556,"Yes","628bde2765d07a71b28681ac","0.0","0.0","Participant 128",,,,,"A17171402"
"05/23/2022 12:58PM","05/23/2022 12:59PM","05/23/2022 09:00AM - 05/23/2022 9:59PM",108.477,"Yes","628be71065d07a71b2868250","0.0","0.0","Participant 129",,,,,"A16362302"
"05/23/2022 2:02PM","05/23/2022 2:04PM","05/23/2022 09:00AM - 05/23/2022 9:59PM",129.61,"Yes","628bf62165d07a71b28682c8","0.0","0.0","Participant 130",,,,,"A16347997"
"05/23/2022 2:05PM","05/23/2022 2:06PM","05/23/2022 09:00AM - 05/23/2022 9:59PM",106.316,"Yes","628bf6d165d07a71b28682d0","0.0","0.0","Participant 131",,,,,"A16308764"
"05/23/2022 3:23PM","05/23/2022 3:25PM","05/23/2022 09:00AM - 05/23/2022 9:59PM",137.261,"Yes","628c090865d07a71b2868340","0.0","0.0","Participant 132",,,,,"A15630949"
"06/27/2022 2:32PM","06/27/2022 2:32PM","06/27/2022 09:00AM - 06/27/2022 9:59PM",19.174,"Yes","62ba21c892331d0dde4bef7e","0.0","0.0","Participant 133",,,,,"A15502653"
"06/27/2022 5:08PM","06/27/2022 5:10PM","06/27/2022 09:00AM - 06/27/2022 9:59PM",120.164,"Yes","62ba464b92331d0dde4beff4",,,"Participant 134",,,,,"a17171389"
"06/28/2022 8:20PM","06/28/2022 8:22PM","06/28/2022 09:00AM - 06/28/2022 9:59PM",88.999,"Yes","62bbc4cc92331d0dde4bf37a","0.0","0.0","Participant 135",,,,,"A17187336"
"06/30/2022 09:01AM","06/30/2022 09:06AM","06/30/2022 09:00AM - 06/30/2022 9:59PM",266.386,"Yes","62bd53c392331d0dde4bf6e5",,,"Participant 136",,,,,"A17163509"
"07/01/2022 3:51PM","07/01/2022 3:53PM","07/01/2022 09:00AM - 07/01/2022 9:59PM",142.175,"Yes","62bf5e1992331d0dde4bfbe0","0.0","0.0","Participant 137",,,,,"A16445774"
"07/02/2022 2:07PM","07/02/2022 2:09PM","07/02/2022 09:00AM - 07/02/2022 9:59PM",106.67,"Yes","62c0b36f92331d0dde4c020a","0.0","0.0","Participant 138",,,,,"A17146946"
"07/02/2022 8:18PM","07/02/2022 8:21PM","07/02/2022 09:00AM - 07/02/2022 9:59PM",173.193,"Yes","62c10a1e92331d0dde4c031b","0.0","0.0","Participant 139",,,,,"A17224846"
"07/03/2022 09:00AM","07/03/2022 09:01AM","07/03/2022 09:00AM - 07/03/2022 9:59PM",63.962,"Yes","62c19b4092331d0dde4c03e0","0.0","0.0","Participant 140",,,,,"A17125420"
"07/03/2022 3:56PM","07/03/2022 3:57PM","07/03/2022 09:00AM - 07/03/2022 9:59PM",23.93,"Yes","62c21e7992331d0dde4c05d8",,,"Participant 141",,,,,"A16271124"
"07/04/2022 1:29PM","07/04/2022 1:31PM","07/04/2022 09:00AM - 07/04/2022 9:59PM",145.909,"Yes","62c34d4092331d0dde4c0946","0.0","0.0","Participant 142",,,,,"A15457432"
"07/05/2022 1:43PM","07/05/2022 1:44PM","07/05/2022 09:00AM - 07/05/2022 9:59PM",53.349,"Yes","62c4a23892331d0dde4c0ebb","0.0","0.0","Participant 144",,,,,"A16674047"
"07/06/2022 1:15PM","07/06/2022 1:16PM","07/06/2022 09:00AM - 07/06/2022 9:59PM",50.725,"Yes","62c5ed385ee2ef0de187bff7","0.0","0.0","Participant 145",,,,,"A16273165"
"07/07/2022 09:16AM","07/07/2022 09:17AM","07/07/2022 09:00AM - 07/07/2022 9:59PM",61.468,"Yes","62c6924d5ee2ef0de187c1c5","0.0","0.0","Participant 147",,,,,"A16423462"
"07/07/2022 4:45PM","07/07/2022 4:46PM","07/07/2022 09:00AM - 07/07/2022 9:59PM",15.396,"Yes","62c7700bc8795b0d98663d7e","0.0","0.0","Participant 148",,,,,"A16672368"
"07/08/2022 10:00AM","07/08/2022 10:01AM","07/08/2022 09:00AM - 07/08/2022 9:59PM",44.592,"Yes","62c86245c8795b0d98663ef7","0.0","0.0","Participant 149",,,,,"A15546882"
"07/09/2022 11:21AM","07/09/2022 11:24AM","07/09/2022 09:00AM - 07/09/2022 9:59PM",219.52,"Yes","62c9c695c8795b0d98664244","0.0","0.0","Participant 150",,,,,"A15966238"
"07/09/2022 4:18PM","07/09/2022 4:19PM","07/09/2022 09:00AM - 07/09/2022 9:59PM",80.16,"Yes","62ca0cab7a5f6c0d9e38d87a","0.0","0.0","Participant 151",,,,,"A16639603"
"07/10/2022 3:31PM","07/10/2022 3:34PM","07/10/2022 09:00AM - 07/10/2022 9:59PM",187.075,"Yes","62cb52dc7a5f6c0d9e38dabc",,,"Participant 152",,,,,"A16808016"
"07/10/2022 6:55PM","07/10/2022 6:59PM","07/10/2022 09:00AM - 07/10/2022 9:59PM",235.218,"Yes","62cb82c17a5f6c0d9e38db00","0.0","0.0","Participant 153",,,,,"A16266774"
"07/11/2022 12:30PM","07/11/2022 12:31PM","07/11/2022 09:00AM - 07/11/2022 9:59PM",65.347,"Yes","62cc7a4b7a5f6c0d9e38dcaf","0.0","0.0","Participant 155",,,,,"A14950762"
"07/11/2022 12:46PM","07/11/2022 12:49PM","07/11/2022 09:00AM - 07/11/2022 9:59PM",177.854,"Yes","62cc7df27a5f6c0d9e38dcc7","0.0","0.0","Participant 156",,,,,"A16039033"
"07/11/2022 1:49PM","07/11/2022 1:50PM","07/11/2022 09:00AM - 07/11/2022 9:59PM",48.725,"Yes","62cc8b837a5f6c0d9e38dd2c","0.0","0.0","Participant 157",,,,,"A14419006"
"07/11/2022 8:14PM","07/11/2022 8:15PM","07/11/2022 09:00AM - 07/11/2022 9:59PM",62.538,"Yes","62cce6f77a5f6c0d9e38de0e","0.0","0.0","Participant 158",,,,,"A15968083"
"07/13/2022 1:29PM","07/13/2022 1:31PM","07/13/2022 09:00AM - 07/13/2022 9:59PM",105.938,"Yes","62cf2aee138f210dca8ede84","0.0","0.0","Participant 160",,,,,"A17155936"
"07/14/2022 09:10AM","07/14/2022 09:13AM","07/14/2022 09:00AM - 07/14/2022 9:59PM",215.556,"Yes","62cfc58d9d4f4f0dec9fdef3","0.0","0.0","Participant 162",,,,,"A16502837"
"07/14/2022 4:34PM","07/14/2022 4:34PM","07/14/2022 09:00AM - 07/14/2022 9:59PM",25.285,"Yes","62d0a79c6be55d0dd928456f","0.0","0.0","Participant 163",,,,,"A16126711"
"07/14/2022 5:20PM","07/14/2022 5:23PM","07/14/2022 09:00AM - 07/14/2022 9:59PM",157.702,"Yes","62d0b2936be55d0dd9284592","0.0","0.0","Participant 164",,,,,"A16120596"
"07/15/2022 12:18PM","07/15/2022 12:19PM","07/15/2022 09:00AM - 07/15/2022 9:59PM",67.305,"Yes","62d1bd5a6be55d0dd92846f7","0.0","0.0","Participant 165",,,,,"A17135703"
"07/15/2022 1:14PM","07/15/2022 1:18PM","07/15/2022 09:00AM - 07/15/2022 9:59PM",245.997,"Yes","62d1ca5f6be55d0dd9284726","0.0","0.0","Participant 166",,,,,"A16234759"
"07/19/2022 2:04PM","07/19/2022 2:05PM","07/19/2022 09:00AM - 07/19/2022 9:59PM",68.754,"Yes","62d71c267bba140dd417e575","0.0","0.0","Participant 168",,,,,"A16095009"
"08/02/2022 2:31PM","08/02/2022 2:33PM","08/02/2022 09:00AM - 08/02/2022 9:59PM",122.757,"Yes","62e9970bedc1510debfb265f","0.0","0.0","Participant 170",,,,,"A16390073"
"08/02/2022 3:30PM","08/02/2022 3:33PM","08/02/2022 09:00AM - 08/02/2022 9:59PM",163.408,"Yes","62e9a54cedc1510debfb302d","0.0","0.0","Participant 171",,,,,"A17174059"
"08/02/2022 9:46PM","08/02/2022 9:47PM","08/02/2022 09:00AM - 08/02/2022 9:59PM",78.905,"Yes","62e9fd64edc1510debfb632c",,,"Participant 173",,,,,"A17188919"
"08/03/2022 3:34PM","08/03/2022 3:38PM","08/03/2022 09:00AM - 08/03/2022 9:59PM",285.287,"Yes","62ea870fedc1510debfbb355","0.0","0.0","Participant 174",,,,,"A16574127"
"08/04/2022 2:10PM","08/04/2022 2:10PM","08/04/2022 09:00AM - 08/04/2022 9:59PM",23.116,"Yes","62ec3331b5912e0de35bb90f","0.0","0.0","Participant 175",,,,,"A17195456"
"08/05/2022 12:28PM","08/05/2022 12:30PM","08/05/2022 09:00AM - 08/05/2022 9:59PM",121.325,"Yes","62ed6f4ee788b50df421e800","0.0","0.0","Participant 176",,,,,"A17579866"
"08/06/2022 9:25PM","08/06/2022 9:25PM","08/06/2022 09:00AM - 08/06/2022 9:59PM",35.392,"Yes","62ef3e6be788b50df4229242","0.0","0.0","Participant 177",,,,,"A17510516"
"08/10/2022 5:59PM","08/10/2022 6:01PM","08/10/2022 09:00AM - 08/10/2022 9:59PM",116.67,"Yes","62f3860fcee98c0e0b19743e","0.0","0.0","Participant 179",,,,,"A16804490"
"08/12/2022 11:13AM","08/12/2022 11:15AM","08/12/2022 09:00AM - 08/12/2022 9:59PM",92.788,"Yes","62f6983e74b0af0adce47aaf","0.0","0.0","Participant 180",,,,,"A17033945"
"08/13/2022 11:33AM","08/13/2022 11:35AM","08/13/2022 09:00AM - 08/13/2022 9:59PM",64.321,"Yes","62f7ee0a74b0af0adce4f0ff","0.0","0.0","Participant 182",,,,,"A15801153"
"08/14/2022 2:26PM","08/14/2022 2:26PM","08/14/2022 09:00AM - 08/14/2022 9:59PM",17.004,"Yes","62f9686774b0af0adce5660c",,,"Participant 183",,,,,"A16138045"
"08/15/2022 11:36AM","08/15/2022 11:37AM","08/15/2022 09:00AM - 08/15/2022 9:59PM",16.928,"Yes","62fa921274b0af0adce5dd1f",,,"Participant 184",,,,,"A16389617"
"08/16/2022 3:09PM","08/16/2022 3:11PM","08/16/2022 09:00AM - 08/16/2022 9:59PM",116.818,"Yes","62fc157674b0af0adce684ab","0.0","0.0","Participant 185",,,,,"A15446868"
"08/18/2022 9:52PM","08/18/2022 9:56PM","08/18/2022 09:00AM - 08/18/2022 9:59PM",196.726,"Yes","62ff16e6a13bb038b506b826","0.0","0.0","Participant 186",,,,,"A16431826"
"08/19/2022 5:01PM","08/19/2022 5:01PM","08/19/2022 09:00AM - 08/19/2022 9:59PM",21.539,"Yes","6300241d88d69b0adb9a1a92","0.0","0.0","Participant 188",,,,,"A15915904"
"08/20/2022 3:57PM","08/20/2022 3:58PM","08/20/2022 09:00AM - 08/20/2022 9:59PM",103.686,"Yes","6301666f88d69b0adb9a6608","0.0","0.0","Participant 189",,,,,"A15942349"
"08/20/2022 8:14PM","08/20/2022 8:17PM","08/20/2022 09:00AM - 08/20/2022 9:59PM",133.001,"Yes","6301a2bb88d69b0adb9a77ea","0.0","0.0","Participant 190",,,,,"A17220349"
"08/21/2022 4:42PM","08/21/2022 4:44PM","08/21/2022 09:00AM - 08/21/2022 9:59PM",131.937,"Yes","6302c29045883a0ac13b838f","0.0","0.0","Participant 191",,,,,"A16447015"
"08/22/2022 11:41AM","08/22/2022 11:43AM","08/22/2022 09:00AM - 08/22/2022 9:59PM",83.96,"Yes","6303cdb445883a0ac13bc6b4","0.0","0.0","Participant 192",,,,,"A16074760"
"08/22/2022 2:02PM","08/22/2022 2:02PM","08/22/2022 09:00AM - 08/22/2022 9:59PM",44.609,"Yes","6303eea145883a0ac13bdb8e","0.0","0.0","Participant 193",,,,,"A16760295"
"08/22/2022 2:15PM","08/22/2022 2:16PM","08/22/2022 09:00AM - 08/22/2022 9:59PM",52.789,"Yes","6303f1d445883a0ac13bdc91","0.0","0.0","Participant 194",,,,,"A16175342"
"08/22/2022 3:20PM","08/22/2022 3:21PM","08/22/2022 09:00AM - 08/22/2022 9:59PM",61.827,"Yes","630400f145883a0ac13be4e2","0.0","0.0","Participant 195",,,,,"A16580009"
"08/22/2022 4:03PM","08/22/2022 4:06PM","08/22/2022 09:00AM - 08/22/2022 9:59PM",131.655,"Yes","63040b1945883a0ac13be80f","0.0","0.0","Participant 196",,,,,"A15969704"
"08/22/2022 5:05PM","08/22/2022 5:06PM","08/22/2022 09:00AM - 08/22/2022 9:59PM",83.465,"Yes","6304199045883a0ac13bec43","0.0","0.0","Participant 197",,,,,"A15882194"
"08/23/2022 09:18AM","08/23/2022 09:20AM","08/23/2022 09:00AM - 08/23/2022 9:59PM",148.799,"Yes","630487c245883a0ac13c0a0c","0.0","0.0","Participant 199",,,,,"A16035732"
"08/23/2022 11:57AM","08/23/2022 12:06PM","08/23/2022 09:00AM - 08/23/2022 9:59PM",534.563,"Yes","6304966745883a0ac13c0aeb","0.0","0.0","Participant 200",,,,,"(A16353844) I was not present, I was feeling -1, I was experiencing inner speech, I was experiencing hunger, My inner speech was somewhat clear (5), I’d rate my inner speech a -1, I feel a moderate reaction to it (3), I personally don’t find it very interesting (1), I was being “social” (i was in an online zoom meeting for a group project)"
"08/23/2022 12:19PM","08/23/2022 12:22PM","08/23/2022 09:00AM - 08/23/2022 9:59PM",192.769,"Yes","6305256c45883a0ac13c4d97","0.0","0.0","Participant 201",,,,,"A15906644"
"08/23/2022 12:50PM","08/23/2022 12:52PM","08/23/2022 09:00AM - 08/23/2022 9:59PM",145.788,"Yes","63052f3d45883a0ac13c53b7","0.0","0.0","Participant 202",,,,,"A15754279"
"09/22/2022 11:30AM","09/22/2022 11:32AM","09/22/2022 09:00AM - 09/22/2022 9:59PM",112.989,"Yes","632ca9946ddee60b2d4b6919","0.0","0.0","Participant 203",,,,,"A17114525"
"09/22/2022 11:43AM","09/22/2022 11:44AM","09/22/2022 09:00AM - 09/22/2022 9:59PM",76.542,"Yes","632cac926ddee60b2d4b6be5","0.0","0.0","Participant 204",,,,,"A15912572"
"09/22/2022 11:47AM","09/22/2022 11:48AM","09/22/2022 09:00AM - 09/22/2022 9:59PM",19.313,"Yes","632cadbb6ddee60b2d4b6cc0",,,"Participant 205",,,,,"A17026735"
"09/22/2022 11:59AM","09/22/2022 12:01PM","09/22/2022 09:00AM - 09/22/2022 9:59PM",91.553,"Yes","632cb0546ddee60b2d4b6f0a","0.0","0.0","Participant 206",,,,,"A16130175"
"09/22/2022 1:39PM","09/22/2022 1:45PM","09/22/2022 09:00AM - 09/22/2022 9:59PM",325.343,"Yes","632cc7c96ddee60b2d4b8925","0.0","0.0","Participant 207",,,,,"A17052737"
"09/22/2022 3:22PM","09/22/2022 3:24PM","09/22/2022 09:00AM - 09/22/2022 9:59PM",104.045,"Yes","632cdfdf6ddee60b2d4bb6bd","0.0","0.0","Participant 208",,,,,"A17578756"
"09/22/2022 4:27PM","09/22/2022 4:28PM","09/22/2022 09:00AM - 09/22/2022 9:59PM",86.306,"Yes","632cef2e6ddee60b2d4bd77b","0.0","0.0","Participant 209",,,,,"A17565982"
"09/22/2022 5:15PM","09/22/2022 5:16PM","09/22/2022 09:00AM - 09/22/2022 9:59PM",60.784,"Yes","632cfa6e6ddee60b2d4be438","0.0","0.0","Participant 210",,,,,"A16647033"
"09/22/2022 5:35PM","09/22/2022 5:37PM","09/22/2022 09:00AM - 09/22/2022 9:59PM",117.614,"Yes","632cfee56ddee60b2d4bea2b","0.0","0.0","Participant 211",,,,,"A17663517"
"09/22/2022 6:11PM","09/22/2022 6:13PM","09/22/2022 09:00AM - 09/22/2022 9:59PM",76.87,"Yes","632d07a36ddee60b2d4bf54b","0.0","0.0","Participant 212",,,,,"A16276085"
"09/22/2022 7:59PM","09/22/2022 8:00PM","09/22/2022 09:00AM - 09/22/2022 9:59PM",79.093,"Yes","632d1f986ddee60b2d4c048f","0.0","0.0","Participant 213",,,,,"A16763748"
"09/22/2022 9:24PM","09/22/2022 9:29PM","09/22/2022 09:00AM - 09/22/2022 9:59PM",260.155,"Yes","632d34dc6ddee60b2d4c0bbe",,,"Participant 214",,,,,"A16936015"
"09/22/2022 9:57PM","09/22/2022 9:57PM","09/22/2022 09:00AM - 09/22/2022 9:59PM",11.245,"Yes","632d3c536ddee60b2d4c0dd5",,,"Participant 215",,,,,"A16630280"
"09/23/2022 10:16AM","09/23/2022 10:18AM","09/23/2022 09:00AM - 09/23/2022 9:59PM",103.369,"Yes","632de98a6ddee60b2d4c7434",,,"Participant 216",,,,,"A16350918"
"09/23/2022 11:40AM","09/23/2022 11:41AM","09/23/2022 09:00AM - 09/23/2022 9:59PM",92.881,"Yes","632dfd566ddee60b2d4c94bf","0.0","0.0","Participant 217",,,,,"A16631680"
"09/23/2022 12:08PM","09/23/2022 12:10PM","09/23/2022 09:00AM - 09/23/2022 9:59PM",156.572,"Yes","632e03e26ddee60b2d4ca0ea","0.0","0.0","Participant 218",,,,,"A16155225"
"09/23/2022 12:24PM","09/23/2022 12:25PM","09/23/2022 09:00AM - 09/23/2022 9:59PM",82.591,"Yes","632e078f6ddee60b2d4ca9a5",,,"Participant 219",,,,,"A17269798"
"09/23/2022 1:06PM","09/23/2022 1:06PM","09/23/2022 09:00AM - 09/23/2022 9:59PM",23.102,"Yes","632e11786ddee60b2d4cb87b","0.0","0.0","Participant 220",,,,,"A17664454"
"09/23/2022 2:34PM","09/23/2022 2:37PM","09/23/2022 09:00AM - 09/23/2022 9:59PM",171.301,"Yes","632e26156ddee60b2d4cdb6d","0.0","0.0","Participant 221",,,,,"A16630851"
"09/23/2022 4:16PM","09/23/2022 4:17PM","09/23/2022 09:00AM - 09/23/2022 9:59PM",114.663,"Yes","632e3e09ad42840b308d1355","0.0","0.0","Participant 222",,,,,"A15963367"
"09/23/2022 4:35PM","09/23/2022 4:36PM","09/23/2022 09:00AM - 09/23/2022 9:59PM",53.81,"Yes","632e4281ad42840b308d1cbc","0.0","0.0","Participant 223",,,,,"A16480840"
"09/23/2022 6:23PM","09/23/2022 6:25PM","09/23/2022 09:00AM - 09/23/2022 9:59PM",95.426,"Yes","632e5bd3ad42840b308d3f77","0.0","0.0","Participant 224",,,,,"A16725733"
"09/23/2022 9:42PM","09/23/2022 9:43PM","09/23/2022 09:00AM - 09/23/2022 9:59PM",90.113,"Yes","632e8a60ad42840b308d6020","0.0","0.0","Participant 225",,,,,"A17410492"
"09/24/2022 09:00AM","09/24/2022 09:01AM","09/24/2022 09:00AM - 09/24/2022 9:59PM",34.512,"Yes","632ec0bdad42840b308d71b1",,,"Participant 227",,,,,"A15883162"
"09/24/2022 11:36AM","09/24/2022 11:39AM","09/24/2022 09:00AM - 09/24/2022 9:59PM",165.59,"Yes","632f4ddaad42840b308def24","0.0","0.0","Participant 228",,,,,"A16359348"
"09/24/2022 11:38AM","09/24/2022 11:40AM","09/24/2022 09:00AM - 09/24/2022 9:59PM",99.086,"Yes","632f4e88ad42840b308df189","0.0","0.0","Participant 229",,,,,"A16859945"
"09/24/2022 12:28PM","09/24/2022 12:30PM","09/24/2022 09:00AM - 09/24/2022 9:59PM",102.761,"Yes","632f5a0cad42840b308e04d9","0.0","0.0","Participant 230",,,,,"A17370343"
"09/24/2022 1:58PM","09/24/2022 2:00PM","09/24/2022 09:00AM - 09/24/2022 9:59PM",100.201,"Yes","632f6f4dad42840b308e20b6","0.0","0.0","Participant 231",,,,,"A17136046"
"09/24/2022 4:05PM","09/24/2022 4:07PM","09/24/2022 09:00AM - 09/24/2022 9:59PM",103.937,"Yes","632f8cf6ad42840b308e6440","0.0","0.0","Participant 232",,,,,"A16645517"
"09/24/2022 4:13PM","09/24/2022 4:15PM","09/24/2022 09:00AM - 09/24/2022 9:59PM",91.737,"Yes","632f8f0aad42840b308e69e2",,,"Participant 233",,,,,"A16337275"
"09/24/2022 4:59PM","09/24/2022 5:01PM","09/24/2022 09:00AM - 09/24/2022 9:59PM",90.793,"Yes","632f996dad42840b308e7872","0.0","0.0","Participant 234",,,,,"A16267708"
"09/24/2022 5:01PM","09/24/2022 5:04PM","09/24/2022 09:00AM - 09/24/2022 9:59PM",167.951,"Yes","632f99f5ad42840b308e7906","0.0","0.0","Participant 235",,,,,"A17622968"
"09/24/2022 5:05PM","09/24/2022 5:07PM","09/24/2022 09:00AM - 09/24/2022 9:59PM",78.583,"Yes","632f9afead42840b308e7b49",,,"Participant 236",,,,,"A17169064"
"09/24/2022 6:43PM","09/24/2022 6:45PM","09/24/2022 09:00AM - 09/24/2022 9:59PM",140.882,"Yes","632fb1ffad42840b308e96e7","0.0","0.0","Participant 237",,,,,"A17014173"
"09/25/2022 11:21AM","09/25/2022 11:21AM","09/25/2022 09:00AM - 09/25/2022 9:59PM",26.86,"Yes","63309badad42840b308f3ee7",,,"Participant 239",,,,,"A17567743"
"09/25/2022 1:40PM","09/25/2022 1:42PM","09/25/2022 09:00AM - 09/25/2022 9:59PM",88.678,"Yes","6330bca0ad42840b308f7927","0.0","0.0","Participant 240",,,,,"A17266339"
"09/25/2022 1:52PM","09/25/2022 1:55PM","09/25/2022 09:00AM - 09/25/2022 9:59PM",171.99,"Yes","6330bf48ad42840b308f7e3e","0.0","0.0","Participant 241",,,,,"A16322095"
"09/25/2022 1:57PM","09/25/2022 1:59PM","09/25/2022 09:00AM - 09/25/2022 9:59PM",86.539,"Yes","6330c0a0ad42840b308f8051","0.0","0.0","Participant 242",,,,,"A17158214"
"09/25/2022 3:44PM","09/25/2022 3:45PM","09/25/2022 09:00AM - 09/25/2022 9:59PM",85.896,"Yes","6330d996ad42840b308fb892","0.0","0.0","Participant 243",,,,,"A16996276"
"09/25/2022 5:15PM","09/25/2022 5:17PM","09/25/2022 09:00AM - 09/25/2022 9:59PM",118.381,"Yes","6330eea2ad42840b308fe51f","0.0","0.0","Participant 244",,,,,"A14854922"
"09/25/2022 5:48PM","09/25/2022 5:48PM","09/25/2022 09:00AM - 09/25/2022 9:59PM",41.046,"Yes","6330f68aad42840b308ff10f","0.0","0.0","Participant 245",,,,,"A15857116"
"09/25/2022 7:10PM","09/25/2022 7:12PM","09/25/2022 09:00AM - 09/25/2022 9:59PM",94.403,"Yes","633109e6ad42840b30900df6","0.0","0.0","Participant 246",,,,,"A17292252"
"09/25/2022 7:13PM","09/25/2022 7:16PM","09/25/2022 09:00AM - 09/25/2022 9:59PM",133.222,"Yes","63310ab1ad42840b30900f26","0.0","0.0","Participant 247",,,,,"A17589290"
"09/25/2022 9:53PM","09/25/2022 9:54PM","09/25/2022 09:00AM - 09/25/2022 9:59PM",80.7,"Yes","63313006ad42840b30902d8e","0.0","0.0","Participant 248",,,,,"A16454660"
"09/26/2022 1:01PM","09/26/2022 1:05PM","09/26/2022 09:00AM - 09/26/2022 9:59PM",202.293,"Yes","63315a50ad42840b30903c79","0.0","0.0","Participant 249",,,,,"A15590578"
"09/26/2022 12:34PM","09/26/2022 12:35PM","09/26/2022 09:00AM - 09/26/2022 9:59PM",90.212,"Yes","6331fe7d73b9cd0b26e45066","0.0","0.0","Participant 250",,,,,"A15902943"
"09/26/2022 1:14PM","09/26/2022 1:15PM","09/26/2022 09:00AM - 09/26/2022 9:59PM",45.708,"Yes","633207ed73b9cd0b26e460f5","0.0","0.0","Participant 251",,,,,"A16364334"
"09/26/2022 1:33PM","09/26/2022 1:34PM","09/26/2022 09:00AM - 09/26/2022 9:59PM",61.095,"Yes","63320c5573b9cd0b26e46a45","0.0","0.0","Participant 252",,,,,"A17039684"
"09/26/2022 1:39PM","09/26/2022 1:40PM","09/26/2022 09:00AM - 09/26/2022 9:59PM",57.561,"Yes","63320dc673b9cd0b26e46e41","0.0","0.0","Participant 253",,,,,"A16430110"
"09/26/2022 1:45PM","09/26/2022 1:46PM","09/26/2022 09:00AM - 09/26/2022 9:59PM",26.756,"Yes","63320f3473b9cd0b26e4716b","0.0","0.0","Participant 254",,,,,"A16821066"
"09/26/2022 2:29PM","09/26/2022 2:30PM","09/26/2022 09:00AM - 09/26/2022 9:59PM",64.148,"Yes","6332198d73b9cd0b26e48d3c","0.0","0.0","Participant 255",,,,,"A16758812"
"09/26/2022 2:50PM","09/26/2022 2:52PM","09/26/2022 09:00AM - 09/26/2022 9:59PM",159.597,"Yes","63321e1873b9cd0b26e496bb",,,"Participant 256",,,,,"15923903"
"09/26/2022 3:28PM","09/26/2022 3:29PM","09/26/2022 09:00AM - 09/26/2022 9:59PM",68.971,"Yes","6332277473b9cd0b26e4ba9d","0.0","0.0","Participant 257",,,,,"A16941617"
"09/26/2022 4:09PM","09/26/2022 4:11PM","09/26/2022 09:00AM - 09/26/2022 9:59PM",175.22,"Yes","6332309273b9cd0b26e4db6f","0.0","0.0","Participant 258",,,,,"A17177136"
"09/26/2022 4:09PM","09/26/2022 4:10PM","09/26/2022 09:00AM - 09/26/2022 9:59PM",54.762,"Yes","633230ff73b9cd0b26e4dc2f","0.0","0.0","Participant 259",,,,,"A17570381"
"09/26/2022 4:35PM","09/26/2022 4:37PM","09/26/2022 09:00AM - 09/26/2022 9:59PM",131.787,"Yes","6332370f73b9cd0b26e4e38c","0.0","0.0","Participant 260",,,,,"A17570047"
"09/26/2022 4:37PM","09/26/2022 4:37PM","09/26/2022 09:00AM - 09/26/2022 9:59PM",17.587,"Yes","6332376573b9cd0b26e4e458","0.0","0.0","Participant 261",,,,,"A16662467"
"09/26/2022 5:00PM","09/26/2022 5:01PM","09/26/2022 09:00AM - 09/26/2022 9:59PM",67.627,"Yes","63323cde73b9cd0b26e4eea8","0.0","0.0","Participant 262",,,,,"A16673575"
"09/26/2022 5:21PM","09/26/2022 5:23PM","09/26/2022 09:00AM - 09/26/2022 9:59PM",79.059,"Yes","633241e773b9cd0b26e4f9dd","0.0","0.0","Participant 263",,,,,"A16144186"
"09/26/2022 5:22PM","09/26/2022 5:22PM","09/26/2022 09:00AM - 09/26/2022 9:59PM",36.874,"Yes","6332413e73b9cd0b26e4f824","0.0","0.0","Participant 264",,,,,"A16380735"
"09/26/2022 5:31PM","09/26/2022 5:32PM","09/26/2022 09:00AM - 09/26/2022 9:59PM",74.348,"Yes","6332442273b9cd0b26e4fe56","0.0","0.0","Participant 265",,,,,"A16400774"
"09/26/2022 5:46PM","09/26/2022 5:49PM","09/26/2022 09:00AM - 09/26/2022 9:59PM",166.297,"Yes","6332479873b9cd0b26e504fd","0.0","0.0","Participant 266",,,,,"A15631447"
"09/26/2022 6:00PM","09/26/2022 6:02PM","09/26/2022 09:00AM - 09/26/2022 9:59PM",72.974,"Yes","63324add73b9cd0b26e50c13","0.0","0.0","Participant 267",,,,,"A17184164"
"09/26/2022 6:14PM","09/26/2022 6:15PM","09/26/2022 09:00AM - 09/26/2022 9:59PM",30.045,"Yes","63324e5773b9cd0b26e51473","0.0","0.0","Participant 268",,,,,"A16211272"
"09/26/2022 6:20PM","09/26/2022 6:21PM","09/26/2022 09:00AM - 09/26/2022 9:59PM",47.12,"Yes","63324fc173b9cd0b26e515cb","0.0","0.0","Participant 269",,,,,"A16725050"
"09/26/2022 6:25PM","09/26/2022 6:26PM","09/26/2022 09:00AM - 09/26/2022 9:59PM",50.828,"Yes","633250d473b9cd0b26e517d9","0.0","0.0","Participant 270",,,,,"A17305934"
"09/26/2022 6:28PM","09/26/2022 6:28PM","09/26/2022 09:00AM - 09/26/2022 9:59PM",20.027,"Yes","6332517b73b9cd0b26e518d7","0.0","0.0","Participant 271",,,,,"A14578625"
"09/26/2022 6:38PM","09/26/2022 6:41PM","09/26/2022 09:00AM - 09/26/2022 9:59PM",188.044,"Yes","633253e973b9cd0b26e51c32","0.0","0.0","Participant 272",,,,,"A17593418"
"09/26/2022 8:01PM","09/26/2022 8:02PM","09/26/2022 09:00AM - 09/26/2022 9:59PM",64.597,"Yes","6332676e73b9cd0b26e53550","0.0","0.0","Participant 273",,,,,"A17221874"
"09/26/2022 8:40PM","09/26/2022 8:42PM","09/26/2022 09:00AM - 09/26/2022 9:59PM",163.929,"Yes","6332704e73b9cd0b26e5402e","0.0","0.0","Participant 274",,,,,"A16778739"
"09/26/2022 9:08PM","09/26/2022 9:09PM","09/26/2022 09:00AM - 09/26/2022 9:59PM",40.841,"Yes","6332771273b9cd0b26e5457b","0.0","0.0","Participant 275",,,,,"A16778624"
"09/26/2022 9:23PM","09/26/2022 9:26PM","09/26/2022 09:00AM - 09/26/2022 9:59PM",135.686,"Yes","63327aae73b9cd0b26e54775","0.0","0.0","Participant 276",,,,,"A17066962"
"09/26/2022 9:40PM","09/26/2022 9:41PM","09/26/2022 09:00AM - 09/26/2022 9:59PM",56.93,"Yes","63327e9f73b9cd0b26e54967","0.0","0.0","Participant 277",,,,,"A17361559"
"09/27/2022 09:48AM","09/27/2022 09:49AM","09/27/2022 09:00AM - 09/27/2022 9:59PM",90.531,"Yes","63332916acbe790b40f66c4a","0.0","0.0","Participant 279",,,,,"A17569247"
"09/27/2022 10:13AM","09/27/2022 10:15AM","09/27/2022 09:00AM - 09/27/2022 9:59PM",71.808,"Yes","63332f30acbe790b40f6781c","0.0","0.0","Participant 280",,,,,"A17303370"
"09/27/2022 10:49AM","09/27/2022 10:50AM","09/27/2022 09:00AM - 09/27/2022 9:59PM",47.488,"Yes","6333379cacbe790b40f68b4d",,,"Participant 281",,,,,"A17305312"
"09/27/2022 12:56PM","09/27/2022 12:58PM","09/27/2022 09:00AM - 09/27/2022 9:59PM",86.463,"Yes","63335567fba7ab0b2d3750bf","0.0","0.0","Participant 282",,,,,"A17656342"
"09/27/2022 12:58PM","09/27/2022 12:58PM","09/27/2022 09:00AM - 09/27/2022 9:59PM",21.353,"Yes","633355b0fba7ab0b2d375144","0.0","0.0","Participant 283",,,,,"A17202859"
"09/27/2022 1:12PM","09/27/2022 1:13PM","09/27/2022 09:00AM - 09/27/2022 9:59PM",59.426,"Yes","63335906fba7ab0b2d375742","0.0","0.0","Participant 284",,,,,"A16311079"
"09/27/2022 2:58PM","09/27/2022 3:00PM","09/27/2022 09:00AM - 09/27/2022 9:59PM",119.985,"Yes","633371dafba7ab0b2d3789fd","0.0","0.0","Participant 285",,,,,"A15964552"
"09/27/2022 3:13PM","09/27/2022 3:15PM","09/27/2022 09:00AM - 09/27/2022 9:59PM",65.156,"Yes","6333757bfba7ab0b2d379ff0","0.0","0.0","Participant 286",,,,,"A17180332"
"09/27/2022 3:53PM","09/27/2022 3:54PM","09/27/2022 09:00AM - 09/27/2022 9:59PM",44.227,"Yes","63337eb3fba7ab0b2d37c0c3","0.0","0.0","Participant 287",,,,,"A17130119"
"09/27/2022 4:42PM","09/27/2022 4:43PM","09/27/2022 09:00AM - 09/27/2022 9:59PM",56.318,"Yes","63338a32fba7ab0b2d37de06","0.0","0.0","Participant 288",,,,,"A17161125"
"09/27/2022 5:20PM","09/27/2022 5:22PM","09/27/2022 09:00AM - 09/27/2022 9:59PM",113.531,"Yes","633392d7fba7ab0b2d37f533","0.0","0.0","Participant 290",,,,,"A16992079"
"09/27/2022 7:07PM","09/27/2022 7:08PM","09/27/2022 09:00AM - 09/27/2022 9:59PM",58.934,"Yes","6333ac3cfba7ab0b2d382d66","0.0","0.0","Participant 291",,,,,"A16195180"
"09/27/2022 7:10PM","09/27/2022 7:13PM","09/27/2022 09:00AM - 09/27/2022 9:59PM",204.599,"Yes","6333acadfba7ab0b2d382e9f","0.0","0.0","Participant 292",,,,,"A17467418"
"09/27/2022 7:11PM","09/27/2022 7:12PM","09/27/2022 09:00AM - 09/27/2022 9:59PM",86.44,"Yes","6333ac6bfba7ab0b2d382dfb","0.0","0.0","Participant 293",,,,,"A16831101"
"09/28/2022 4:15PM","09/28/2022 4:17PM","09/28/2022 09:00AM - 09/28/2022 9:59PM",114.941,"Yes","6333f294fba7ab0b2d38735b","0.0","0.0","Participant 294",,,,,"A17044286"
"09/28/2022 11:38AM","09/28/2022 11:39AM","09/28/2022 09:00AM - 09/28/2022 9:59PM",77.624,"Yes","6333f30efba7ab0b2d387397","0.0","0.0","Participant 295",,,,,"A16375907"
"09/28/2022 11:52AM","09/28/2022 11:55AM","09/28/2022 09:00AM - 09/28/2022 9:59PM",172.381,"Yes","633497765223170b402c561f","0.0","0.0","Participant 296",,,,,"A17597444"
"09/28/2022 1:00PM","09/28/2022 1:01PM","09/28/2022 09:00AM - 09/28/2022 9:59PM",75.845,"Yes","6334a7bf75dace0b4575e129","0.0","0.0","Participant 297",,,,,"A16671687"
"09/28/2022 1:32PM","09/28/2022 1:34PM","09/28/2022 09:00AM - 09/28/2022 9:59PM",98.995,"Yes","6334af3175dace0b4575f164","0.0","0.0","Participant 298",,,,,"A17389998"
"09/28/2022 1:51PM","09/28/2022 1:52PM","09/28/2022 09:00AM - 09/28/2022 9:59PM",77.155,"Yes","6334b38f75dace0b457600dc","0.0","0.0","Participant 299",,,,,"A17632280"
"09/28/2022 1:58PM","09/28/2022 1:59PM","09/28/2022 09:00AM - 09/28/2022 9:59PM",36.122,"Yes","6334b55d75dace0b4576075e","0.0","0.0","Participant 300",,,,,"A15900672"
"09/28/2022 3:39PM","09/28/2022 3:41PM","09/28/2022 09:00AM - 09/28/2022 9:59PM",75.063,"Yes","6334cd1858a3620b2f4543ca","0.0","0.0","Participant 301",,,,,"A16723683"
"09/29/2022 10:56AM","09/29/2022 10:58AM","09/29/2022 09:00AM - 09/29/2022 9:59PM",86.074,"Yes","6335dc2358a3620b2f4670b7","0.0","0.0","Participant 302",,,,,"A17376215"
"09/29/2022 11:45AM","09/29/2022 11:50AM","09/29/2022 09:00AM - 09/29/2022 9:59PM",251.565,"Yes","6335e4d758a3620b2f469e1d",,,"Participant 303",,,,,"A16540129"
"09/29/2022 1:12PM","09/29/2022 1:13PM","09/29/2022 09:00AM - 09/29/2022 9:59PM",77.431,"Yes","6335fbd358a3620b2f46d13e","0.0","0.0","Participant 304",,,,,"A16230516"
"09/29/2022 1:25PM","09/29/2022 1:27PM","09/29/2022 09:00AM - 09/29/2022 9:59PM",115.925,"Yes","6335fef758a3620b2f46d980","0.0","0.0","Participant 305",,,,,"A17575086"
"09/29/2022 2:29PM","09/29/2022 2:31PM","09/29/2022 09:00AM - 09/29/2022 9:59PM",117.572,"Yes","63360e1358a3620b2f47010b","0.0","0.0","Participant 306",,,,,"A16491651"
"09/29/2022 3:41PM","09/29/2022 3:43PM","09/29/2022 09:00AM - 09/29/2022 9:59PM",72.461,"Yes","63361ef9ee0a2b0b3240f61f","0.0","0.0","Participant 307",,,,,"A16034978"
"09/29/2022 4:23PM","09/29/2022 4:24PM","09/29/2022 09:00AM - 09/29/2022 9:59PM",79.756,"Yes","633628d1ee0a2b0b324114c7","0.0","0.0","Participant 308",,,,,"A15771271"
"09/29/2022 5:04PM","09/29/2022 5:05PM","09/29/2022 09:00AM - 09/29/2022 9:59PM",84.83,"Yes","633631f7ee0a2b0b32412814",,,"Participant 309",,,,,"A16677648"
"09/29/2022 6:22PM","09/29/2022 6:25PM","09/29/2022 09:00AM - 09/29/2022 9:59PM",194.157,"Yes","63364478ee0a2b0b32415222","0.0","0.0","Participant 310",,,,,"A16613207"
"09/29/2022 6:39PM","09/29/2022 6:41PM","09/29/2022 09:00AM - 09/29/2022 9:59PM",92.631,"Yes","633648acee0a2b0b32415b9b","0.0","0.0","Participant 311",,,,,"A17586576"
"09/30/2022 09:36AM","09/30/2022 09:50AM","09/30/2022 09:00AM - 09/30/2022 9:59PM",843.536,"Yes","6336969dee0a2b0b3241b37d","0.0","0.0","Participant 313",,,,,"A16665022"
"09/30/2022 09:40AM","09/30/2022 09:41AM","09/30/2022 09:00AM - 09/30/2022 9:59PM",100.049,"Yes","633698f2ee0a2b0b3241b47e",,,"Participant 314",,,,,"A16127402"
"09/30/2022 09:11AM","09/30/2022 09:12AM","09/30/2022 09:00AM - 09/30/2022 9:59PM",92.146,"Yes","63369a49ee0a2b0b3241b587","0.0","0.0","Participant 315",,,,,"A15905171"
"09/30/2022 10:01AM","09/30/2022 10:02AM","09/30/2022 09:00AM - 09/30/2022 9:59PM",16.266,"Yes","633720b7ee0a2b0b3242228c","0.0","0.0","Participant 316",,,,,"A17144441"
"09/30/2022 11:49AM","09/30/2022 11:51AM","09/30/2022 09:00AM - 09/30/2022 9:59PM",125.886,"Yes","63373968ee0a2b0b3242719a","0.0","0.0","Participant 317",,,,,"A15839883"
"09/30/2022 1:30PM","09/30/2022 1:32PM","09/30/2022 09:00AM - 09/30/2022 9:59PM",89.746,"Yes","6337516fee0a2b0b3242a078","0.0","0.0","Participant 318",,,,,"A17550776"
"09/30/2022 1:36PM","09/30/2022 1:36PM","09/30/2022 09:00AM - 09/30/2022 9:59PM",24.239,"Yes","6337530bee0a2b0b3242a4ff","0.0","0.0","Participant 319",,,,,"A16519909"
"09/30/2022 1:42PM","09/30/2022 1:42PM","09/30/2022 09:00AM - 09/30/2022 9:59PM",14.885,"Yes","6337530bee0a2b0b3242a4ff","0.0","0.0","Participant 319",,,,,"A16519909"
"09/30/2022 1:42PM","09/30/2022 1:46PM","09/30/2022 09:00AM - 09/30/2022 9:59PM",280.083,"Yes","63375463ee0a2b0b3242a89c","0.0","0.0","Participant 320",,,,,"A16453182"
"09/30/2022 5:49PM","09/30/2022 5:49PM","09/30/2022 09:00AM - 09/30/2022 9:59PM",32.444,"Yes","63378da1c36f190b437d7cb1","0.0","0.0","Participant 321",,,,,"A17412112"
"09/30/2022 9:02PM","09/30/2022 9:03PM","09/30/2022 09:00AM - 09/30/2022 9:59PM",28.969,"Yes","6337bba9c36f190b437dc8a5",,,"Participant 322",,,,,"A15962933"
"10/01/2022 2:20PM","10/01/2022 2:20PM","10/01/2022 09:00AM - 10/01/2022 9:59PM",25.781,"Yes","6337cceac36f190b437dd34c","0.0","0.0","Participant 323",,,,,"A16907620"
"10/01/2022 3:30PM","10/01/2022 3:31PM","10/01/2022 09:00AM - 10/01/2022 9:59PM",87.263,"Yes","6338bf32c36f190b437ee6de","0.0","0.0","Participant 325",,,,,"A17235934"
"10/01/2022 3:30PM","10/01/2022 3:31PM","10/01/2022 09:00AM - 10/01/2022 9:59PM",56.54,"Yes","6338bf52c36f190b437ee761","0.0","0.0","Participant 326",,,,,"A17192212"
"10/01/2022 8:58PM","10/01/2022 9:00PM","10/01/2022 09:00AM - 10/01/2022 9:59PM",82.293,"Yes","63390c38c36f190b437f746c","0.0","0.0","Participant 327",,,,,"A17658439"
"10/02/2022 10:40AM","10/02/2022 10:41AM","10/02/2022 09:00AM - 10/02/2022 9:59PM",92.761,"Yes","63393eeec36f190b437f889f","0.0","0.0","Participant 328",,,,,"A15867537"
"10/02/2022 10:23AM","10/02/2022 10:25AM","10/02/2022 09:00AM - 10/02/2022 9:59PM",94.504,"Yes","6339c8e0c36f190b437fe4aa","0.0","0.0","Participant 329",,,,,"A17652017"
"10/02/2022 11:22AM","10/02/2022 11:23AM","10/02/2022 09:00AM - 10/02/2022 9:59PM",47.694,"Yes","6339d6cfc36f190b43800f63","0.0","0.0","Participant 330",,,,,"A16826760"
"10/02/2022 12:27PM","10/02/2022 12:30PM","10/02/2022 09:00AM - 10/02/2022 9:59PM",177.3,"Yes","6339e5e5c36f190b43803444","0.0","0.0","Participant 331",,,,,"A16449857"
"10/02/2022 1:10PM","10/02/2022 1:12PM","10/02/2022 09:00AM - 10/02/2022 9:59PM",143.375,"Yes","6339effbc36f190b43804454","0.0","0.0","Participant 332",,,,,"A15969843"
"10/02/2022 2:15PM","10/02/2022 2:17PM","10/02/2022 09:00AM - 10/02/2022 9:59PM",100.827,"Yes","6339ff29c36f190b43806a36","0.0","0.0","Participant 333",,,,,"A13022515"
"10/02/2022 2:45PM","10/02/2022 2:46PM","10/02/2022 09:00AM - 10/02/2022 9:59PM",19.32,"Yes","633a066bc36f190b43807659","0.0","0.0","Participant 334",,,,,"A17219821"
"10/02/2022 3:19PM","10/02/2022 3:21PM","10/02/2022 09:00AM - 10/02/2022 9:59PM",100.038,"Yes","633a0e43f8a5ca0b4f1c0c2a","0.0","0.0","Participant 335",,,,,"A16915168"
"10/02/2022 4:46PM","10/02/2022 4:48PM","10/02/2022 09:00AM - 10/02/2022 9:59PM",91.148,"Yes","633a22a9f8a5ca0b4f1c3f26","0.0","0.0","Participant 336",,,,,"A17589576"
"10/02/2022 5:28PM","10/02/2022 5:31PM","10/02/2022 09:00AM - 10/02/2022 9:59PM",170.259,"Yes","633a2c6af8a5ca0b4f1c4fa0","0.0","0.0","Participant 337",,,,,"A16436164"
"10/02/2022 5:50PM","10/02/2022 5:53PM","10/02/2022 09:00AM - 10/02/2022 9:59PM",178.33,"Yes","633a3181f8a5ca0b4f1c5a54","0.0","0.0","Participant 338",,,,,"A17666653"
"10/02/2022 6:48PM","10/02/2022 6:49PM","10/02/2022 09:00AM - 10/02/2022 9:59PM",45.589,"Yes","633a3efdf8a5ca0b4f1c6eed","0.0","0.0","Participant 339",,,,,"A17579705"
"10/03/2022 10:31AM","10/03/2022 10:32AM","10/03/2022 09:00AM - 10/03/2022 9:59PM",104.07,"Yes","633b1c10f8a5ca0b4f1d7e1d","0.0","0.0","Participant 342",,,,,"A16367914"
"10/03/2022 10:48AM","10/03/2022 10:48AM","10/03/2022 09:00AM - 10/03/2022 9:59PM",43.946,"Yes","633b1febf8a5ca0b4f1d856b","0.0","0.0","Participant 343",,,,,"A16753901"
"10/03/2022 11:10AM","10/03/2022 11:11AM","10/03/2022 09:00AM - 10/03/2022 9:59PM",92.595,"Yes","633b2548f8a5ca0b4f1da43e","0.0","0.0","Participant 344",,,,,"A17659174"
"10/03/2022 4:17PM","10/03/2022 4:19PM","10/03/2022 09:00AM - 10/03/2022 9:59PM",100.357,"Yes","633b6d5550472a0b4216823e","0.0","0.0","Participant 345",,,,,"A17580337"
"10/03/2022 7:19PM","10/03/2022 7:21PM","10/03/2022 09:00AM - 10/03/2022 9:59PM",103.916,"Yes","633b98144db6160b4072ef76","0.0","0.0","Participant 346",,,,,"A17570160"
"10/03/2022 7:43PM","10/03/2022 7:44PM","10/03/2022 09:00AM - 10/03/2022 9:59PM",78.919,"Yes","633b9d9c4db6160b4072fa9d","0.0","0.0","Participant 347",,,,,"A17013759"
"10/03/2022 9:28PM","10/03/2022 9:31PM","10/03/2022 09:00AM - 10/03/2022 9:59PM",155.895,"Yes","633bb6314db6160b40732867","0.0","0.0","Participant 348",,,,,"A17377306"
"10/04/2022 1:28PM","10/04/2022 1:28PM","10/04/2022 09:00AM - 10/04/2022 9:59PM",51.64,"Yes","633c97004db6160b407445a3","0.0","0.0","Participant 351",,,,,"A17174468"
"10/04/2022 2:14PM","10/04/2022 2:16PM","10/04/2022 09:00AM - 10/04/2022 9:59PM",107.487,"Yes","633ca20b235e110b460e433b","0.0","0.0","Participant 352",,,,,"A17146260"
"10/04/2022 5:58PM","10/04/2022 6:00PM","10/04/2022 09:00AM - 10/04/2022 9:59PM",129.46,"Yes","633cd2f09920920b427f3a4d","0.0","0.0","Participant 353",,,,,"A16795860"
"10/05/2022 11:42AM","10/05/2022 11:45AM","10/05/2022 09:00AM - 10/05/2022 9:59PM",180.867,"Yes","633dcf6eefb6540b29830435","0.0","0.0","Participant 355",,,,,"A16411059"
"10/05/2022 12:30PM","10/05/2022 12:32PM","10/05/2022 09:00AM - 10/05/2022 9:59PM",145.551,"Yes","633dd96cefb6540b2983206e","0.0","0.0","Participant 356",,,,,"A17172862"
"10/05/2022 2:54PM","10/05/2022 2:56PM","10/05/2022 09:00AM - 10/05/2022 9:59PM",132.725,"Yes","633dfceaefb6540b29836aa4","0.0","0.0","Participant 357",,,,,"A15818203"
"10/05/2022 8:03PM","10/05/2022 8:04PM","10/05/2022 09:00AM - 10/05/2022 9:59PM",56.977,"Yes","633e4549ffd6a10b33304f29",,,"Participant 358",,,,,"A16514161"
"10/05/2022 9:33PM","10/05/2022 9:36PM","10/05/2022 09:00AM - 10/05/2022 9:59PM",169.782,"Yes","633e5a702b88850b415e8010","0.0","0.0","Participant 359",,,,,"A17147150"
"10/06/2022 09:11AM","10/06/2022 09:12AM","10/06/2022 09:00AM - 10/06/2022 9:59PM",17.804,"Yes","633efe0a975c090b2eac30af","0.0","0.0","Participant 360",,,,,"A16749429"
"10/06/2022 10:58AM","10/06/2022 10:58AM","10/06/2022 09:00AM - 10/06/2022 9:59PM",16.317,"Yes","633f16e7975c090b2eac5fc8","0.0","0.0","Participant 361",,,,,"A16239685"
"10/06/2022 4:36PM","10/06/2022 4:36PM","10/06/2022 09:00AM - 10/06/2022 9:59PM",31.985,"Yes","633f663cc1cb430b41ab5a6a","0.0","0.0","Participant 362",,,,,"A17384217"
"10/06/2022 7:19PM","10/06/2022 7:21PM","10/06/2022 09:00AM - 10/06/2022 9:59PM",89.532,"Yes","633f8c652234fd0b30d31fae","0.0","0.0","Participant 363",,,,,"A17558143"
"10/06/2022 8:13PM","10/06/2022 8:15PM","10/06/2022 09:00AM - 10/06/2022 9:59PM",162.958,"Yes","633f992d2234fd0b30d33939","0.0","0.0","Participant 364",,,,,"A17647636"
"10/06/2022 9:12PM","10/06/2022 9:13PM","10/06/2022 09:00AM - 10/06/2022 9:59PM",55.465,"Yes","633fa5112234fd0b30d34c34","0.0","0.0","Participant 365",,,,,"A17183799"
"10/07/2022 09:48AM","10/07/2022 09:50AM","10/07/2022 09:00AM - 10/07/2022 9:59PM",88.778,"Yes","6340581e6636850b2d475300","0.0","0.0","Participant 366",,,,,"A16759028"
"10/07/2022 11:55AM","10/07/2022 11:56AM","10/07/2022 09:00AM - 10/07/2022 9:59PM",65.63,"Yes","634075d46636850b2d479a9a","0.0","0.0","Participant 368",,,,,"A15767731"
"10/07/2022 3:44PM","10/07/2022 3:45PM","10/07/2022 09:00AM - 10/07/2022 9:59PM",62.323,"Yes","6340aba96636850b2d4816d8","0.0","0.0","Participant 369",,,,,"A14819054"
"10/07/2022 7:10PM","10/07/2022 7:10PM","10/07/2022 09:00AM - 10/07/2022 9:59PM",29.142,"Yes","6340dbd36636850b2d487d55","0.0","0.0","Participant 370",,,,,"A16848983"
"10/07/2022 8:12PM","10/07/2022 8:13PM","10/07/2022 09:00AM - 10/07/2022 9:59PM",65.883,"Yes","6340ea764513100b458d0afa","0.0","0.0","Participant 371",,,,,"A16284003"
"10/08/2022 11:11AM","10/08/2022 11:13AM","10/08/2022 09:00AM - 10/08/2022 9:59PM",91.371,"Yes","634124f90203640b4abeacaf","0.0","0.0","Participant 372",,,,,"A17052972"
"10/08/2022 11:00AM","10/08/2022 11:01AM","10/08/2022 09:00AM - 10/08/2022 9:59PM",58.717,"Yes","6341ba900203640b4abf1c04","0.0","0.0","Participant 373",,,,,"A17174133"
"10/08/2022 11:03AM","10/08/2022 11:03AM","10/08/2022 09:00AM - 10/08/2022 9:59PM",11.634,"Yes","6341ba900203640b4abf1c04","0.0","0.0","Participant 373",,,,,"A17174133"
"10/08/2022 11:00AM","10/08/2022 11:01AM","10/08/2022 09:00AM - 10/08/2022 9:59PM",58.717,"Yes","6341ba900203640b4abf1c04","0.0","0.0","Participant 373",,,,,"A17174133"
"10/08/2022 11:03AM","10/08/2022 11:03AM","10/08/2022 09:00AM - 10/08/2022 9:59PM",11.634,"Yes","6341ba900203640b4abf1c04","0.0","0.0","Participant 373",,,,,"A17174133"
"10/08/2022 3:34PM","10/08/2022 3:36PM","10/08/2022 09:00AM - 10/08/2022 9:59PM",152.644,"Yes","6341fac20203640b4abfa7d7","0.0","0.0","Participant 375",,,,,"A15850185"
"10/08/2022 3:54PM","10/08/2022 3:56PM","10/08/2022 09:00AM - 10/08/2022 9:59PM",120.33,"Yes","6341ff4d0203640b4abfb1b2",,,"Participant 376",,,,,"A15324220"
"10/08/2022 4:48PM","10/08/2022 4:51PM","10/08/2022 09:00AM - 10/08/2022 9:59PM",132.709,"Yes","63420c0cb232510b2cccc10d","0.0","0.0","Participant 377",,,,,"A17622459"
"10/08/2022 5:02PM","10/08/2022 5:04PM","10/08/2022 09:00AM - 10/08/2022 9:59PM",116.425,"Yes","63420f4db232510b2cccc812","0.0","0.0","Participant 378",,,,,"A17095566"
"10/09/2022 09:33AM","10/09/2022 09:34AM","10/09/2022 09:00AM - 10/09/2022 9:59PM",63.017,"Yes","6342e7be5c46820b43244dec","0.0","0.0","Participant 379",,,,,"A16661059"
"10/09/2022 11:57AM","10/09/2022 11:58AM","10/09/2022 09:00AM - 10/09/2022 9:59PM",55.564,"Yes","634319775c46820b4324a81e","0.0","0.0","Participant 380",,,,,"A17670263"
"10/09/2022 4:10PM","10/09/2022 4:12PM","10/09/2022 09:00AM - 10/09/2022 9:59PM",107.389,"Yes","634354cb2bdeeb0b2f9ec824","0.0","0.0","Participant 381",,,,,"A17188341"
"10/09/2022 6:16PM","10/09/2022 6:17PM","10/09/2022 09:00AM - 10/09/2022 9:59PM",28.942,"Yes","6343724f3c5dea0b3ffd8822","0.0","0.0","Participant 382",,,,,"A15850768"
"10/09/2022 8:06PM","10/09/2022 8:07PM","10/09/2022 09:00AM - 10/09/2022 9:59PM",88.644,"Yes","63438be47022150b3d1b0d1e","0.0","0.0","Participant 383",,,,,"A16294106"
"10/09/2022 8:40PM","10/09/2022 8:42PM","10/09/2022 09:00AM - 10/09/2022 9:59PM",138.31,"Yes","634393c37022150b3d1b1795","0.0","0.0","Participant 384",,,,,"A16227088"
"10/09/2022 9:49PM","10/09/2022 9:54PM","10/09/2022 09:00AM - 10/09/2022 9:59PM",290.408,"Yes","6343a3a97022150b3d1b2eb3","0.0","0.0","Participant 385",,,,,"A16988643"
"10/10/2022 4:53PM","10/10/2022 4:56PM","10/10/2022 09:00AM - 10/10/2022 9:59PM",175.942,"Yes","6343cb257ec4960b2b2a88d6","0.0","0.0","Participant 386",,,,,"A16915253"
"10/10/2022 09:13AM","10/10/2022 09:15AM","10/10/2022 09:00AM - 10/10/2022 9:59PM",100.619,"Yes","6343d2447ec4960b2b2a8f6f","0.0","0.0","Participant 387",,,,,"A16333560"
"10/10/2022 10:00AM","10/10/2022 10:02AM","10/10/2022 09:00AM - 10/10/2022 9:59PM",104.446,"Yes","63444f7a7ec4960b2b2b0a71","0.0","0.0","Participant 388",,,,,"A15840931"
"10/10/2022 12:50PM","10/10/2022 12:53PM","10/10/2022 09:00AM - 10/10/2022 9:59PM",159.967,"Yes","6344772a987d680b2b77c694","0.0","0.0","Participant 389",,,,,"A17135376"
"10/10/2022 1:12PM","10/10/2022 1:14PM","10/10/2022 09:00AM - 10/10/2022 9:59PM",108.51,"Yes","63447c7b987d680b2b77cec8","0.0","0.0","Participant 390",,,,,"A17300015"
"10/10/2022 1:16PM","10/10/2022 1:17PM","10/10/2022 09:00AM - 10/10/2022 9:59PM",45.668,"Yes","63447d79987d680b2b77d1ba","0.0","0.0","Participant 391",,,,,"A16457456"
"10/10/2022 3:21PM","10/10/2022 3:23PM","10/10/2022 09:00AM - 10/10/2022 9:59PM",96.669,"Yes","63449ab63e72ef0b426254e1","0.0","0.0","Participant 392",,,,,"A16541366"
"10/10/2022 7:19PM","10/10/2022 7:21PM","10/10/2022 09:00AM - 10/10/2022 9:59PM",121.497,"Yes","6344d22530ef210b439699ee",,,"Participant 393",,,,,"A16409327"
"10/11/2022 12:08PM","10/11/2022 12:09PM","10/11/2022 09:00AM - 10/11/2022 9:59PM",76.79,"Yes","6345bee2b940780b47b09f31","0.0","0.0","Participant 394",,,,,"A16850874"
"10/11/2022 12:47PM","10/11/2022 12:50PM","10/11/2022 09:00AM - 10/11/2022 9:59PM",175.131,"Yes","6345c7fcb940780b47b0b164","0.0","0.0","Participant 395",,,,,"A17573176"
"10/11/2022 2:34PM","10/11/2022 2:36PM","10/11/2022 09:00AM - 10/11/2022 9:59PM",120.161,"Yes","6345e11e8c20550b2bdae443","0.0","0.0","Participant 396",,,,,"A16664610"
"10/11/2022 5:55PM","10/11/2022 5:56PM","10/11/2022 09:00AM - 10/11/2022 9:59PM",88.946,"Yes","634610486d1ade0b44d42a8b","0.0","0.0","Participant 397",,,,,"A15898239"
"10/11/2022 9:20PM","10/11/2022 9:22PM","10/11/2022 09:00AM - 10/11/2022 9:59PM",114.74,"Yes","634640506d1ade0b44d48142","0.0","0.0","Participant 398",,,,,"A17338841"
"10/12/2022 09:42AM","10/12/2022 09:44AM","10/12/2022 09:00AM - 10/12/2022 9:59PM",74.022,"Yes","634665f1a7925a0b436779bf","0.0","0.0","Participant 400",,,,,"A17649984"
"10/12/2022 12:31PM","10/12/2022 12:32PM","10/12/2022 09:00AM - 10/12/2022 9:59PM",44.135,"Yes","634715efa7925a0b43689527","0.0","0.0","Participant 401",,,,,"A16891724"
"10/12/2022 3:22PM","10/12/2022 3:23PM","10/12/2022 09:00AM - 10/12/2022 9:59PM",109.366,"Yes","63473ddba7925a0b43690ed5","0.0","0.0","Participant 402",,,,,"A17416721"
"10/12/2022 5:59PM","10/12/2022 6:01PM","10/12/2022 09:00AM - 10/12/2022 9:59PM",137.326,"Yes","634762a06561860b31945599","0.0","0.0","Participant 403",,,,,"a16723581"
"10/12/2022 6:16PM","10/12/2022 6:16PM","10/12/2022 09:00AM - 10/12/2022 9:59PM",20.455,"Yes","634766d26561860b3194657c","0.0","0.0","Participant 404",,,,,"a15382361"
"10/13/2022 1:42PM","10/13/2022 1:42PM","10/13/2022 09:00AM - 10/13/2022 9:59PM",25.237,"Yes","6347d0c840dfa20b2b3a60e8","0.0","0.0","Participant 406",,,,,"A16681324"
"10/15/2022 2:51PM","10/15/2022 2:52PM","10/15/2022 09:00AM - 10/15/2022 9:59PM",24.43,"Yes","6347d0c840dfa20b2b3a60e8","0.0","0.0","Participant 406",,,,,"A16681324"
"10/14/2022 12:48PM","10/14/2022 12:49PM","10/14/2022 09:00AM - 10/14/2022 9:59PM",65.361,"Yes","6349bcd5c28db80b43e32028","0.0","0.0","Participant 409",,,,,"A17581915"
"10/14/2022 12:51PM","10/14/2022 12:52PM","10/14/2022 09:00AM - 10/14/2022 9:59PM",62.414,"Yes","6349bd91c28db80b43e32268","0.0","0.0","Participant 411",,,,,"A17640182"
"10/15/2022 6:39PM","10/15/2022 6:40PM","10/15/2022 09:00AM - 10/15/2022 9:59PM",70.278,"Yes","634b609b61f7740b3f2eeffd","0.0","0.0","Participant 413",,,,,"A16456998"
"10/16/2022 4:19PM","10/16/2022 4:20PM","10/16/2022 09:00AM - 10/16/2022 9:59PM",69.332,"Yes","634c9159f163e30b4381aa79","0.0","0.0","Participant 414",,,,,"A15769174"
"10/16/2022 8:42PM","10/16/2022 8:44PM","10/16/2022 09:00AM - 10/16/2022 9:59PM",72.253,"Yes","634ccf0f8817b40b478eeda3","0.0","0.0","Participant 415",,,,,"A17234020"
"10/17/2022 09:00AM","10/17/2022 09:02AM","10/17/2022 09:00AM - 10/17/2022 9:59PM",133.284,"Yes","634d793a5263f30b402358f9","0.0","0.0","Participant 417",,,,,"A15671319"
"10/17/2022 11:20AM","10/17/2022 11:21AM","10/17/2022 09:00AM - 10/17/2022 9:59PM",67.936,"Yes","634d9cce23bbd90b43af61cb","0.0","0.0","Participant 418",,,,,"A17554128"
"10/17/2022 11:49AM","10/17/2022 11:50AM","10/17/2022 09:00AM - 10/17/2022 9:59PM",46.63,"Yes","634da3a623bbd90b43af75a4","0.0","0.0","Participant 419",,,,,"A16322180"
"10/17/2022 3:08PM","10/17/2022 3:09PM","10/17/2022 09:00AM - 10/17/2022 9:59PM",67.689,"Yes","634dd227bfd3bf0b2f6ec97e","0.0","0.0","Participant 420",,,,,"A16628630"
"10/17/2022 7:51PM","10/17/2022 7:54PM","10/17/2022 09:00AM - 10/17/2022 9:59PM",171.144,"Yes","634e1446a013640b2cfe763e","0.0","0.0","Participant 421",,,,,"A17642936"
"10/17/2022 7:55PM","10/17/2022 7:57PM","10/17/2022 09:00AM - 10/17/2022 9:59PM",127.983,"Yes","634e1518a013640b2cfe7ab3","0.0","0.0","Participant 422",,,,,"A16466607"
"10/18/2022 2:57PM","10/18/2022 2:57PM","10/18/2022 09:00AM - 10/18/2022 9:59PM",46.149,"Yes","634f210ffe5bdd0b4700b58b","0.0","0.0","Participant 423",,,,,"A17579604"
"10/18/2022 4:30PM","10/18/2022 4:32PM","10/18/2022 09:00AM - 10/18/2022 9:59PM",117.067,"Yes","634f35f3c8621e0b2c4059e5","0.0","0.0","Participant 424",,,,,"A17656573"
"10/19/2022 1:31PM","10/19/2022 1:33PM","10/19/2022 09:00AM - 10/19/2022 9:59PM",105.361,"Yes","63505e91f601380b44565061","0.0","0.0","Participant 426",,,,,"A17567012"
"10/19/2022 4:01PM","10/19/2022 4:04PM","10/19/2022 09:00AM - 10/19/2022 9:59PM",153.584,"Yes","63508189f601380b4456a196","0.0","0.0","Participant 427",,,,,"A17215514"
"10/20/2022 09:08AM","10/20/2022 09:11AM","10/20/2022 09:00AM - 10/20/2022 9:59PM",156.077,"Yes","63517238446f650b44ea60c6","0.0","0.0","Participant 429",,,,,"A17213369"
"10/20/2022 1:43PM","10/20/2022 1:44PM","10/20/2022 09:00AM - 10/20/2022 9:59PM",60.753,"Yes","6351b2cc84e1310b2ffabee0",,,"Participant 430",,,,,"A17349542"
"10/20/2022 2:34PM","10/20/2022 2:36PM","10/20/2022 09:00AM - 10/20/2022 9:59PM",107.674,"Yes","6351beb084e1310b2ffad69a","0.0","0.0","Participant 431",,,,,"A16936264"
"10/20/2022 7:53PM","10/20/2022 7:54PM","10/20/2022 09:00AM - 10/20/2022 9:59PM",73.526,"Yes","6352093931a4cf0b2ac1a0ac","0.0","0.0","Participant 432",,,,,"A16883587"
"10/20/2022 9:06PM","10/20/2022 9:08PM","10/20/2022 09:00AM - 10/20/2022 9:59PM",83.867,"Yes","63521aaa31a4cf0b2ac1c3e9","0.0","0.0","Participant 433",,,,,"A16292556"
"10/21/2022 4:41PM","10/21/2022 4:42PM","10/21/2022 09:00AM - 10/21/2022 9:59PM",46.103,"Yes","63532dffef00220b2d339054","0.0","0.0","Participant 436",,,,,"A16559275"
"10/21/2022 5:03PM","10/21/2022 5:06PM","10/21/2022 09:00AM - 10/21/2022 9:59PM",198.713,"Yes","63533297ef00220b2d339a43","0.0","0.0","Participant 437",,,,,"A15876742"
"10/21/2022 8:43PM","10/21/2022 8:44PM","10/21/2022 09:00AM - 10/21/2022 9:59PM",53.949,"Yes","635366b1962aeb0b306a37b7","0.0","0.0","Participant 438",,,,,"A1659711"
"10/22/2022 2:35PM","10/22/2022 2:37PM","10/22/2022 09:00AM - 10/22/2022 9:59PM",106.036,"Yes","635461ed17ceaa12b3c467c3","0.0","0.0","Participant 439",,,,,"A16654211"
"10/22/2022 2:58PM","10/22/2022 3:00PM","10/22/2022 09:00AM - 10/22/2022 9:59PM",128.902,"Yes","6354673317ceaa12b3c46e6c","0.0","0.0","Participant 440",,,,,"A15792351"
"10/22/2022 6:01PM","10/22/2022 6:02PM","10/22/2022 09:00AM - 10/22/2022 9:59PM",72.739,"Yes","6354923c08cd150b4779242a","0.0","0.0","Participant 441",,,,,"A17176978"
"10/22/2022 6:47PM","10/22/2022 6:47PM","10/22/2022 09:00AM - 10/22/2022 9:59PM",24.84,"Yes","63549d017fa1d10b482f513e","0.0","0.0","Participant 442",,,,,"A17156979"
"10/23/2022 12:41PM","10/23/2022 12:42PM","10/23/2022 09:00AM - 10/23/2022 9:59PM",54.161,"Yes","635598c3723fc70b46f5163a",,,"Participant 443",,,,,"A17302026"
"10/23/2022 3:18PM","10/23/2022 3:19PM","10/23/2022 09:00AM - 10/23/2022 9:59PM",66.51,"Yes","6355bd63f265e90b443611ac","0.0","0.0","Participant 444",,,,,"A17125435"
"10/23/2022 4:06PM","10/23/2022 4:06PM","10/23/2022 09:00AM - 10/23/2022 9:59PM",31.377,"Yes","6355c8b8f265e90b44362a50",,,"Participant 445",,,,,"16394345"
"10/23/2022 4:07PM","10/23/2022 4:07PM","10/23/2022 09:00AM - 10/23/2022 9:59PM",35.703,"Yes","6355c8f3f265e90b44362aba","0.0","0.0","Participant 446",,,,,"A16232804"
"10/23/2022 4:37PM","10/23/2022 4:39PM","10/23/2022 09:00AM - 10/23/2022 9:59PM",121.106,"Yes","6355cfdaf265e90b44363635","0.0","0.0","Participant 447",,,,,"15923502"
"10/23/2022 6:56PM","10/23/2022 6:58PM","10/23/2022 09:00AM - 10/23/2022 9:59PM",104.123,"Yes","6355f0bc323e7a0b42bf5e66","0.0","0.0","Participant 448",,,,,"A16129489"
"10/23/2022 7:38PM","10/23/2022 7:41PM","10/23/2022 09:00AM - 10/23/2022 9:59PM",168.152,"Yes","6355fa688a079c0b408b3582","0.0","0.0","Participant 449",,,,,"A16450586"
"10/24/2022 10:40AM","10/24/2022 10:56AM","10/24/2022 09:00AM - 10/24/2022 9:59PM",990.912,"Yes","63563af4e074a50b42634c96","0.0","0.0","Participant 454",,,,,"A17020419"
"10/24/2022 11:48AM","10/24/2022 11:50AM","10/24/2022 09:00AM - 10/24/2022 9:59PM",117.519,"Yes","6356ddc4e074a50b42645c60","0.0","0.0","Participant 455",,,,,"A16217320"
"10/24/2022 1:23PM","10/24/2022 1:27PM","10/24/2022 09:00AM - 10/24/2022 9:59PM",238.534,"Yes","6356f07bc6742d0b433e368f","0.0","0.0","Participant 456",,,,,"A16812819"
"10/24/2022 1:37PM","10/24/2022 1:40PM","10/24/2022 09:00AM - 10/24/2022 9:59PM",154.606,"Yes","6356f757e074a50b42648bf8","0.0","0.0","Participant 457",,,,,"A16897514"
"10/24/2022 3:10PM","10/24/2022 3:11PM","10/24/2022 09:00AM - 10/24/2022 9:59PM",85.54,"Yes","63570d2ee074a50b4264be51","0.0","0.0","Participant 458",,,,,"A17476494"
"10/24/2022 4:01PM","10/24/2022 4:02PM","10/24/2022 09:00AM - 10/24/2022 9:59PM",78.491,"Yes","63571502e074a50b4264d3be","0.0","0.0","Participant 459",,,,,"A15093776"
"10/24/2022 5:19PM","10/24/2022 5:21PM","10/24/2022 09:00AM - 10/24/2022 9:59PM",108.499,"Yes","63572b59fd1c280b2ddeaa72","0.0","0.0","Participant 460",,,,,"A16722089"
"10/24/2022 6:37PM","10/24/2022 6:39PM","10/24/2022 09:00AM - 10/24/2022 9:59PM",93.882,"Yes","63573dacfa3f270b47ad03af","0.0","0.0","Participant 461",,,,,"A16963524"
"10/26/2022 09:15AM","10/26/2022 09:15AM","10/26/2022 09:00AM - 10/26/2022 9:59PM",17.645,"Yes","63573dacfa3f270b47ad03af","0.0","0.0","Participant 461",,,,,"A16963524"
"10/28/2022 09:10AM","10/28/2022 09:10AM","10/28/2022 09:00AM - 10/28/2022 9:59PM",12.723,"Yes","63573dacfa3f270b47ad03af","0.0","0.0","Participant 461",,,,,"A16963524"
"10/24/2022 8:05PM","10/24/2022 8:12PM","10/24/2022 09:00AM - 10/24/2022 9:59PM",409.786,"Yes","635751cd263d4b0b41569484","0.0","0.0","Participant 462",,,,,"A17337365"
"10/24/2022 8:21PM","10/24/2022 8:25PM","10/24/2022 09:00AM - 10/24/2022 9:59PM",250.868,"Yes","635755e9263d4b0b4156a17c",,,"Participant 463",,,,,"A16505049"
"10/25/2022 10:42AM","10/25/2022 10:43AM","10/25/2022 09:00AM - 10/25/2022 9:59PM",77.407,"Yes","63581fd5263d4b0b4157d2bf","0.0","0.0","Participant 464",,,,,"A15934362"
"10/25/2022 1:13PM","10/25/2022 1:15PM","10/25/2022 09:00AM - 10/25/2022 9:59PM",101.611,"Yes","63584320263d4b0b41581a79","0.0","0.0","Participant 465",,,,,"A16962764"
"10/25/2022 2:25PM","10/25/2022 2:27PM","10/25/2022 09:00AM - 10/25/2022 9:59PM",87.076,"Yes","6358541f899c6c0b473fe808","0.0","0.0","Participant 466",,,,,"A15876717"
"10/25/2022 2:51PM","10/25/2022 2:52PM","10/25/2022 09:00AM - 10/25/2022 9:59PM",92.937,"Yes","63585a1d899c6c0b473ff29c","0.0","0.0","Participant 467",,,,,"A15737986"
"10/25/2022 3:16PM","10/25/2022 3:19PM","10/25/2022 09:00AM - 10/25/2022 9:59PM",149.537,"Yes","635860170a39d20b429001bd","0.0","0.0","Participant 468",,,,,"A17484298"
"10/25/2022 5:59PM","10/25/2022 6:00PM","10/25/2022 09:00AM - 10/25/2022 9:59PM",107.75,"Yes","5e94ee8da433492bdd1686d3","0.0","0.0","Participant 469",,,,,"A15816438"
"10/25/2022 6:41PM","10/25/2022 6:42PM","10/25/2022 09:00AM - 10/25/2022 9:59PM",51.715,"Yes","6358900cba8a2f0b2c819062","0.0","0.0","Participant 470",,,,,"A17002343"
"10/25/2022 8:00PM","10/25/2022 8:02PM","10/25/2022 09:00AM - 10/25/2022 9:59PM",86.477,"Yes","6358a2ae8879060b2e57a96e","0.0","0.0","Participant 471",,,,,"A17210373"
"10/26/2022 1:17PM","10/26/2022 1:19PM","10/26/2022 09:00AM - 10/26/2022 9:59PM",122.022,"Yes","6359951956dfb102adbebcf3",,,"Participant 472",,,,,"A17647654"
"10/26/2022 1:30PM","10/26/2022 1:32PM","10/26/2022 09:00AM - 10/26/2022 9:59PM",72.116,"Yes","635998d056dfb102adbec36b","0.0","0.0","Participant 473",,,,,"A15803303"
"10/26/2022 5:58PM","10/26/2022 6:00PM","10/26/2022 09:00AM - 10/26/2022 9:59PM",120.806,"Yes","6359d74556dfb102adbf4e96","0.0","0.0","Participant 474",,,,,"A16933506"
"10/26/2022 6:40PM","10/26/2022 6:42PM","10/26/2022 09:00AM - 10/26/2022 9:59PM",146.275,"Yes","6359e14f56dfb102adbf6790","0.0","0.0","Participant 475",,,,,"A16741213"
"10/27/2022 10:38AM","10/27/2022 10:41AM","10/27/2022 09:00AM - 10/27/2022 9:59PM",142.722,"Yes","635ac19f6e55de0b41b27427","0.0","0.0","Participant 478",,,,,"A16945234"
"10/27/2022 10:44AM","10/27/2022 10:45AM","10/27/2022 09:00AM - 10/27/2022 9:59PM",33.569,"Yes","635ac1926e55de0b41b2741e","0.0","0.0","Participant 479",,,,,"A16804614"
"10/27/2022 12:17PM","10/27/2022 12:22PM","10/27/2022 09:00AM - 10/27/2022 9:59PM",301.4,"Yes","635ad8f36e55de0b41b2a5af","0.0","0.0","Participant 480",,,,,"A13663098"
"10/27/2022 12:18PM","10/27/2022 12:21PM","10/27/2022 09:00AM - 10/27/2022 9:59PM",182.253,"Yes","635ad92d6e55de0b41b2a683","0.0","0.0","Participant 481",,,,,"A16957273"
"10/27/2022 2:26PM","10/27/2022 2:28PM","10/27/2022 09:00AM - 10/27/2022 9:59PM",111.412,"Yes","635af6fc6e55de0b41b2ddf5",,,"Participant 482",,,,,"A16888449"
"10/27/2022 3:25PM","10/27/2022 3:27PM","10/27/2022 09:00AM - 10/27/2022 9:59PM",101.805,"Yes","635b04fa7069130b402442a8","0.0","0.0","Participant 483",,,,,"A17071824"
"10/27/2022 8:21PM","10/27/2022 8:25PM","10/27/2022 09:00AM - 10/27/2022 9:59PM",212.768,"Yes","635b4a99265ac90b4433f10b","0.0","0.0","Participant 484",,,,,"A16342238"
"10/28/2022 09:12AM","10/28/2022 09:14AM","10/28/2022 09:00AM - 10/28/2022 9:59PM",135.182,"Yes","635bff41ff16de0b43b1fc30","0.0","0.0","Participant 486",,,,,"A17585485"
"10/28/2022 11:18AM","10/28/2022 11:19AM","10/28/2022 09:00AM - 10/28/2022 9:59PM",43.778,"Yes","635c1cdcff16de0b43b2304e","0.0","0.0","Participant 487",,,,,"A15424869"
"10/28/2022 1:21PM","10/28/2022 1:23PM","10/28/2022 09:00AM - 10/28/2022 9:59PM",106.361,"Yes","635c3988ff16de0b43b266a5","0.0","0.0","Participant 488",,,,,"A16958774"
"10/28/2022 5:28PM","10/28/2022 5:29PM","10/28/2022 09:00AM - 10/28/2022 9:59PM",80.317,"Yes","635c735fd9c1e50b42865fcd","0.0","0.0","Participant 489",,,,,"A17105591"
"10/28/2022 8:04PM","10/28/2022 8:05PM","10/28/2022 09:00AM - 10/28/2022 9:59PM",94.51,"Yes","635c97fbd9c1e50b4286af1c","0.0","0.0","Participant 490",,,,,"A17288655"
"10/29/2022 3:02PM","10/29/2022 3:03PM","10/29/2022 09:00AM - 10/29/2022 9:59PM",30.357,"Yes","635da2e1d9c1e50b42881786","0.0","0.0","Participant 493",,,,,"a17229094"
"10/30/2022 2:10PM","10/30/2022 2:13PM","10/30/2022 09:00AM - 10/30/2022 9:59PM",156.445,"Yes","635ee801d9c1e50b4289e4d9","0.0","0.0","Participant 494",,,,,"A16637016"
"10/30/2022 3:34PM","10/30/2022 3:35PM","10/30/2022 09:00AM - 10/30/2022 9:59PM",62.58,"Yes","635efbbcd9c1e50b428a07f7","0.0","0.0","Participant 495",,,,,"A16364378"
"10/30/2022 6:58PM","10/30/2022 7:00PM","10/30/2022 09:00AM - 10/30/2022 9:59PM",162.528,"Yes","635f2b5bd9c1e50b428a599a",,,"Participant 496",,,,,"A16862329"
"10/31/2022 10:09AM","10/31/2022 10:11AM","10/31/2022 09:00AM - 10/31/2022 9:59PM",148.232,"Yes","6360010cd9c1e50b428b6c18","0.0","0.0","Participant 500",,,,,"A17132859"
"10/31/2022 1:54PM","10/31/2022 2:02PM","10/31/2022 09:00AM - 10/31/2022 9:59PM",475.301,"Yes","636035d2d9c1e50b428bce20","0.0","0.0","Participant 501",,,,,"A15886171"
"10/31/2022 2:32PM","10/31/2022 2:33PM","10/31/2022 09:00AM - 10/31/2022 9:59PM",92.076,"Yes","63603e7dd9c1e50b428bdcd9","0.0","0.0","Participant 502",,,,,"A16015236"
"10/31/2022 5:53PM","10/31/2022 5:53PM","10/31/2022 09:00AM - 10/31/2022 9:59PM",20.757,"Yes","63606dced9c1e50b428c281e","0.0","0.0","Participant 503",,,,,"A15865886"
"10/31/2022 8:40PM","10/31/2022 8:42PM","10/31/2022 09:00AM - 10/31/2022 9:59PM",159.159,"Yes","636094acd9c1e50b428c65b6","0.0","0.0","Participant 505",,,,,"A15816451"
"10/31/2022 9:21PM","10/31/2022 9:22PM","10/31/2022 09:00AM - 10/31/2022 9:59PM",46.686,"Yes","63609e74d9c1e50b428c72e9","0.0","0.0","Participant 506",,,,,"A17191922"
"11/01/2022 11:48AM","11/01/2022 11:50AM","11/01/2022 09:00AM - 11/01/2022 9:59PM",130.064,"Yes","636169d122091c0b29f06ef6","0.0","0.0","Participant 508",,,,,"A17620265"
"11/01/2022 2:23PM","11/01/2022 2:26PM","11/01/2022 09:00AM - 11/01/2022 9:59PM",200.555,"Yes","63618e1f47fccb0b42ca9301","0.0","0.0","Participant 509",,,,,"A13295514"
"11/02/2022 12:35PM","11/02/2022 12:36PM","11/02/2022 09:00AM - 11/02/2022 9:59PM",36.343,"Yes","6362c6539799a50b300d7a78",,,"Participant 511",,,,,"A17551042"
"11/02/2022 4:51PM","11/02/2022 4:55PM","11/02/2022 09:00AM - 11/02/2022 9:59PM",195.246,"Yes","6363023c75482b0b33bb8e92","0.0","0.0","Participant 512",,,,,"A15819221"
"11/02/2022 5:00PM","11/02/2022 5:00PM","11/02/2022 09:00AM - 11/02/2022 9:59PM",35.683,"Yes","6363046175482b0b33bb9292","0.0","0.0","Participant 513",,,,,"A17167921"
"11/02/2022 8:41PM","11/02/2022 8:44PM","11/02/2022 09:00AM - 11/02/2022 9:59PM",170.368,"Yes","636337f075482b0b33bbeb66","0.0","0.0","Participant 514",,,,,"A16147335"
"11/02/2022 9:33PM","11/02/2022 9:36PM","11/02/2022 09:00AM - 11/02/2022 9:59PM",164.391,"Yes","6363447875482b0b33bbfdeb","0.0","0.0","Participant 515",,,,,"A17224745"
"11/03/2022 2:51PM","11/03/2022 2:56PM","11/03/2022 09:00AM - 11/03/2022 9:59PM",290.504,"Yes","6363805e7796230b2ce133a0","0.0","0.0","Participant 516",,,,,"A17653150"
"11/03/2022 1:37PM","11/03/2022 1:38PM","11/03/2022 09:00AM - 11/03/2022 9:59PM",58.64,"Yes","63642665c948540b27bbb376","0.0","0.0","Participant 517",,,,,"A16240071"
"11/03/2022 8:12PM","11/03/2022 8:13PM","11/03/2022 09:00AM - 11/03/2022 9:59PM",65.48,"Yes","636482cf77ebc10b2f10fb3d","0.0","0.0","Participant 518",,,,,"A17171540"
"11/04/2022 12:23PM","11/04/2022 12:24PM","11/04/2022 09:00AM - 11/04/2022 9:59PM",91.733,"Yes","63656675461a260b2dea7bbf","0.0","0.0","Participant 521",,,,,"A17581498"
"11/04/2022 12:58PM","11/04/2022 12:58PM","11/04/2022 09:00AM - 11/04/2022 9:59PM",24.962,"Yes","63656e69461a260b2dea883f","0.0","0.0","Participant 522",,,,,"A16284863"
"11/04/2022 1:10PM","11/04/2022 1:13PM","11/04/2022 09:00AM - 11/04/2022 9:59PM",196.714,"Yes","63657180461a260b2dea8c82","0.0","0.0","Participant 523",,,,,"A17586312"
"11/04/2022 1:36PM","11/04/2022 1:37PM","11/04/2022 09:00AM - 11/04/2022 9:59PM",93.264,"Yes","63657781461a260b2dea9b74","0.0","0.0","Participant 524",,,,,"A17204009"
"11/04/2022 4:33PM","11/04/2022 4:34PM","11/04/2022 09:00AM - 11/04/2022 9:59PM",78.174,"Yes","6365a1004fcfc10b4fdc651d","0.0","0.0","Participant 525",,,,,"A17529694"
"11/04/2022 5:16PM","11/04/2022 5:18PM","11/04/2022 09:00AM - 11/04/2022 9:59PM",129.994,"Yes","6365aae24fcfc10b4fdc767d","0.0","0.0","Participant 526",,,,,"A17564482"
"11/04/2022 6:01PM","11/04/2022 6:03PM","11/04/2022 09:00AM - 11/04/2022 9:59PM",128.907,"Yes","6365b5c74fcfc10b4fdc84bf","0.0","0.0","Participant 527",,,,,"A16422688"
"11/04/2022 6:21PM","11/04/2022 6:23PM","11/04/2022 09:00AM - 11/04/2022 9:59PM",107.929,"Yes","6363e8ea7796230b2ce1cf84","0.0","0.0","Participant 528",,,,,"A16896946 "
"11/04/2022 7:25PM","11/04/2022 7:27PM","11/04/2022 09:00AM - 11/04/2022 9:59PM",143.938,"Yes","6365c946907e470b312d74c1","0.0","0.0","Participant 529",,,,,"A16593487"
"11/04/2022 7:39PM","11/04/2022 7:40PM","11/04/2022 09:00AM - 11/04/2022 9:59PM",49.623,"Yes","6365ccaa907e470b312d7a62","0.0","0.0","Participant 530",,,,,"A17668240"
"11/04/2022 7:58PM","11/04/2022 7:59PM","11/04/2022 09:00AM - 11/04/2022 9:59PM",58.533,"Yes","6365d0f8907e470b312d8110","0.0","0.0","Participant 531",,,,,"A17595907"
"11/04/2022 8:26PM","11/04/2022 8:26PM","11/04/2022 09:00AM - 11/04/2022 9:59PM",31.83,"Yes","6365d756907e470b312d8a61","0.0","0.0","Participant 532",,,,,"A16433625"
"11/04/2022 9:08PM","11/04/2022 9:11PM","11/04/2022 09:00AM - 11/04/2022 9:59PM",219.947,"Yes","6365e11a1e3b810b42454b9e","0.0","0.0","Participant 533",,,,,"A97017052"
"11/04/2022 9:22PM","11/04/2022 9:24PM","11/04/2022 09:00AM - 11/04/2022 9:59PM",110.99,"Yes","6365e4d11e3b810b42454fbf","0.0","0.0","Participant 534",,,,,"A16670511"
"11/05/2022 09:45AM","11/05/2022 09:47AM","11/05/2022 09:00AM - 11/05/2022 9:59PM",150.317,"Yes","6365f28659ae810b298dff6f","0.0","0.0","Participant 536",,,,,"A15772134"
"11/05/2022 5:24PM","11/05/2022 5:29PM","11/05/2022 09:00AM - 11/05/2022 9:59PM",264.334,"Yes","6366fe6a5bb4000b46e95dd8","0.0","0.0","Participant 540",,,,,"A16322636"
"11/05/2022 8:43PM","11/05/2022 8:46PM","11/05/2022 09:00AM - 11/05/2022 9:59PM",187.452,"Yes","63672cbb5bb4000b46e9a9a9","0.0","0.0","Participant 541",,,,,"A17196509"
"11/05/2022 9:56PM","11/05/2022 9:59PM","11/05/2022 09:00AM - 11/05/2022 9:59PM",189.267,"Yes","63673e164c59610b41d674b7","0.0","0.0","Participant 542",,,,,"A14658975"
"11/06/2022 1:10PM","11/06/2022 1:11PM","11/06/2022 09:00AM - 11/06/2022 9:59PM",69.743,"Yes","63678f164c59610b41d6df47","0.0","0.0","Participant 543",,,,,"A16210222"
"11/07/2022 11:47AM","11/07/2022 11:47AM","11/07/2022 09:00AM - 11/07/2022 9:59PM",54.754,"Yes","6369607af2cf000b4bd8a2c0","0.0","0.0","Participant 544",,,,,"A16925468"
"11/07/2022 3:45PM","11/07/2022 3:46PM","11/07/2022 09:00AM - 11/07/2022 9:59PM",88.176,"Yes","63699849604e060b47c815e1","0.0","0.0","Participant 545",,,,,"A17160239"
"11/08/2022 10:18AM","11/08/2022 10:18AM","11/08/2022 09:00AM - 11/08/2022 9:59PM",28.164,"Yes","636a9d3ad258f30b434706f2","0.0","0.0","Participant 547",,,,,"A17590647"
"11/08/2022 11:34AM","11/08/2022 11:36AM","11/08/2022 09:00AM - 11/08/2022 9:59PM",64.943,"Yes","636aae93d258f30b43473adb","0.0","0.0","Participant 548",,,,,"A16486570"
"11/08/2022 3:40PM","11/08/2022 3:46PM","11/08/2022 09:00AM - 11/08/2022 9:59PM",383.533,"Yes","636ae874f5b0f30b4c1f83a9","0.0","0.0","Participant 549",,,,,"A16425649"
"11/08/2022 6:25PM","11/08/2022 6:26PM","11/08/2022 09:00AM - 11/08/2022 9:59PM",98.211,"Yes","636b0f3683a2460b473421ad","0.0","0.0","Participant 550",,,,,"A16274020"
"11/08/2022 6:28PM","11/08/2022 6:30PM","11/08/2022 09:00AM - 11/08/2022 9:59PM",103.253,"Yes","636b101a83a2460b47342391","0.0","0.0","Participant 551",,,,,"A17220479"
"11/08/2022 6:35PM","11/08/2022 6:38PM","11/08/2022 09:00AM - 11/08/2022 9:59PM",171.338,"Yes","636b11d183a2460b4734279d","0.0","0.0","Participant 552",,,,,"A17352180"
"11/09/2022 2:42PM","11/09/2022 2:43PM","11/09/2022 09:00AM - 11/09/2022 9:59PM",59.834,"Yes","636c2c795c56a71d2aca7df7","0.0","0.0","Participant 554",,,,,"A16486225"
"11/09/2022 5:41PM","11/09/2022 5:42PM","11/09/2022 09:00AM - 11/09/2022 9:59PM",62.732,"Yes","636c569df607f70b431ad74e","0.0","0.0","Participant 555",,,,,"A15592519"
"11/10/2022 12:01PM","11/10/2022 12:02PM","11/10/2022 09:00AM - 11/10/2022 9:59PM",64.248,"Yes","636cba200562140b4416f966","0.0","0.0","Participant 556",,,,,"A17371586"
"11/10/2022 10:10AM","11/10/2022 10:13AM","11/10/2022 09:00AM - 11/10/2022 9:59PM",177.082,"Yes","636d3e720562140b4417e9a8","0.0","0.0","Participant 558",,,,,"A17075094"
"11/10/2022 5:37PM","11/10/2022 5:39PM","11/10/2022 09:00AM - 11/10/2022 9:59PM",93.066,"Yes","636da72608e4160b2f2c38f4","0.0","0.0","Participant 559",,,,,"A14828058"
"11/13/2022 09:25AM","11/13/2022 09:27AM","11/13/2022 09:00AM - 11/13/2022 9:59PM",101.353,"Yes","6371284a8fdab00b3fa85bb8","0.0","0.0","Participant 560",,,,,"A17017635"
"11/13/2022 5:57PM","11/13/2022 6:01PM","11/13/2022 09:00AM - 11/13/2022 9:59PM",203.828,"Yes","6371a05cdb08e80b45a30ce4","0.0","0.0","Participant 561",,,,,"A16420810"
"11/13/2022 6:52PM","11/13/2022 6:53PM","11/13/2022 09:00AM - 11/13/2022 9:59PM",74.521,"Yes","6371ad29caea620b29b8ca43","0.0","0.0","Participant 562",,,,,"A17195076"
"11/13/2022 8:05PM","11/13/2022 8:06PM","11/13/2022 09:00AM - 11/13/2022 9:59PM",80.062,"Yes","6371be4022e3bf0b4494fa55","0.0","0.0","Participant 563",,,,,"A17186469"
"11/14/2022 2:06PM","11/14/2022 2:07PM","11/14/2022 09:00AM - 11/14/2022 9:59PM",59.165,"Yes","6372bba360222a0b2c6238e7","0.0","0.0","Participant 566",,,,,"A17178122"
"11/14/2022 4:06PM","11/14/2022 4:08PM","11/14/2022 09:00AM - 11/14/2022 9:59PM",94.168,"Yes","6372d7ebcc2bce0b3d2c7b2b","0.0","0.0","Participant 567",,,,,"A17581980"
"11/14/2022 6:18PM","11/14/2022 6:21PM","11/14/2022 09:00AM - 11/14/2022 9:59PM",166.753,"Yes","6372f6326f9c030b456d9e63","0.0","0.0","Participant 568",,,,,"A16285734"
"11/15/2022 10:19AM","11/15/2022 10:19AM","11/15/2022 09:00AM - 11/15/2022 9:59PM",33.528,"Yes","6373d7ee6091100b2f873908","0.0","0.0","Participant 569",,,,,"A17172056"
"11/15/2022 4:27PM","11/15/2022 4:28PM","11/15/2022 09:00AM - 11/15/2022 9:59PM",52.242,"Yes","63742e383c218f0b46cd6fcd","0.0","0.0","Participant 570",,,,,"A16214046"
"11/15/2022 5:24PM","11/15/2022 5:26PM","11/15/2022 09:00AM - 11/15/2022 9:59PM",85.913,"Yes","63743ba93c218f0b46cda411","0.0","0.0","Participant 571",,,,,"A17231498"
"11/16/2022 09:05AM","11/16/2022 09:06AM","11/16/2022 09:00AM - 11/16/2022 9:59PM",63.53,"Yes","637508199a85fe0b32db46ba","0.0","0.0","Participant 572",,,,,"A17576937"
"11/16/2022 12:45PM","11/16/2022 12:49PM","11/16/2022 09:00AM - 11/16/2022 9:59PM",226.937,"Yes","63754bd99a85fe0b32dbe3f7","0.0","0.0","Participant 573",,,,,"A17625765"
"11/16/2022 7:55PM","11/16/2022 7:58PM","11/16/2022 09:00AM - 11/16/2022 9:59PM",174.008,"Yes","6375b07d0d2e2d0b2d207aff","0.0","0.0","Participant 574",,,,,"A15914782"
"11/16/2022 9:03PM","11/16/2022 9:04PM","11/16/2022 09:00AM - 11/16/2022 9:59PM",43.269,"Yes","6375c07b0d2e2d0b2d20a57f","0.0","0.0","Participant 575",,,,,"A16588680"
"11/17/2022 09:39AM","11/17/2022 09:40AM","11/17/2022 09:00AM - 11/17/2022 9:59PM",48.454,"Yes","6375f12154c5ff0b2b0491f8","0.0","0.0","Participant 578",,,,,"A15923414"
"11/17/2022 7:10PM","11/17/2022 7:12PM","11/17/2022 09:00AM - 11/17/2022 9:59PM",137.471,"Yes","6376f75554c5ff0b2b068246","0.0","0.0","Participant 579",,,,,"A17571059"
"11/17/2022 7:24PM","11/17/2022 7:25PM","11/17/2022 09:00AM - 11/17/2022 9:59PM",69.29,"Yes","6376fa1e54c5ff0b2b0688f6","0.0","0.0","Participant 580",,,,,"A16306812"
"11/18/2022 09:46AM","11/18/2022 09:51AM","11/18/2022 09:00AM - 11/18/2022 9:59PM",308.696,"Yes","6377c4cdb5f4e90b2c156bf4","0.0","0.0","Participant 581",,,,,"A16318776"
"11/18/2022 10:20AM","11/18/2022 10:20AM","11/18/2022 09:00AM - 11/18/2022 9:59PM",19.864,"Yes","6377ccabb5f4e90b2c158831","0.0","0.0","Participant 582",,,,,"a17632370"
"11/18/2022 10:28AM","11/18/2022 10:30AM","11/18/2022 09:00AM - 11/18/2022 9:59PM",125.019,"Yes","6377ce0eb5f4e90b2c158d28","0.0","0.0","Participant 583",,,,,"A16953260"
"11/18/2022 10:37AM","11/18/2022 10:40AM","11/18/2022 09:00AM - 11/18/2022 9:59PM",217.419,"Yes","6377d07eb5f4e90b2c1594fb","0.0","0.0","Participant 584",,,,,"A17166686"
"11/18/2022 10:41AM","11/18/2022 10:43AM","11/18/2022 09:00AM - 11/18/2022 9:59PM",86.528,"Yes","6377d1aab5f4e90b2c159888","0.0","0.0","Participant 585",,,,,"A16216374"
"11/18/2022 12:26PM","11/18/2022 12:28PM","11/18/2022 09:00AM - 11/18/2022 9:59PM",133.959,"Yes","6377e9e0b5f4e90b2c15c9c5","0.0","0.0","Participant 586",,,,,"A16155600"
"11/18/2022 12:39PM","11/18/2022 12:42PM","11/18/2022 09:00AM - 11/18/2022 9:59PM",218.709,"Yes","6377ed2eb5f4e90b2c15cf11","0.0","0.0","Participant 587",,,,,"A17155299"
"11/18/2022 2:04PM","11/18/2022 2:07PM","11/18/2022 09:00AM - 11/18/2022 9:59PM",172.931,"Yes","63780149b5f4e90b2c15f5c1","0.0","0.0","Participant 588",,,,,"A16633865"
"11/19/2022 4:09PM","11/19/2022 4:13PM","11/19/2022 09:00AM - 11/19/2022 9:59PM",270.154,"Yes","63796fe2c367ad0b30894caa","0.0","0.0","Participant 589",,,,,"A16729003"
"11/19/2022 5:25PM","11/19/2022 5:27PM","11/19/2022 09:00AM - 11/19/2022 9:59PM",103.856,"Yes","637981be6214a20b47e1e1e4","0.0","0.0","Participant 590",,,,,"A15853813"
"11/19/2022 7:54PM","11/19/2022 7:55PM","11/19/2022 09:00AM - 11/19/2022 9:59PM",42.607,"Yes","6379a4c36214a20b47e23369","0.0","0.0","Participant 591",,,,,"A17634283"
"11/19/2022 9:01PM","11/19/2022 9:01PM","11/19/2022 09:00AM - 11/19/2022 9:59PM",24.612,"Yes","6379b46d6214a20b47e24c6b","0.0","0.0","Participant 592",,,,,"A17554063"
"11/20/2022 5:32PM","11/20/2022 5:33PM","11/20/2022 09:00AM - 11/20/2022 9:59PM",61.682,"Yes","637ad3756214a20b47e41b8d","0.0","0.0","Participant 593",,,,,"A15417095"
"11/20/2022 6:41PM","11/20/2022 6:43PM","11/20/2022 09:00AM - 11/20/2022 9:59PM",99.464,"Yes","637ae54a6214a20b47e44844","0.0","0.0","Participant 594",,,,,"A17459634"
"11/20/2022 8:15PM","11/20/2022 8:17PM","11/20/2022 09:00AM - 11/20/2022 9:59PM",89.371,"Yes","637afb4b6214a20b47e475c1","0.0","0.0","Participant 595",,,,,"A17144512"
"11/21/2022 1:26PM","11/21/2022 1:27PM","11/21/2022 09:00AM - 11/21/2022 9:59PM",94.568,"Yes","637ba0f36214a20b47e57328","0.0","0.0","Participant 596",,,,,"A15855843"
"11/21/2022 09:42AM","11/21/2022 09:44AM","11/21/2022 09:00AM - 11/21/2022 9:59PM",73.561,"Yes","637bb8776214a20b47e597c9","0.0","0.0","Participant 597",,,,,"A17459991"
"11/21/2022 09:56AM","11/21/2022 09:57AM","11/21/2022 09:00AM - 11/21/2022 9:59PM",82.248,"Yes","637bbb956214a20b47e59d51","0.0","0.0","Participant 598",,,,,"A15849162"
"11/21/2022 09:58AM","11/21/2022 09:59AM","11/21/2022 09:00AM - 11/21/2022 9:59PM",58.053,"Yes","637bbc0b6214a20b47e59e67","0.0","0.0","Participant 599",,,,,"A16489680"
"11/21/2022 10:25AM","11/21/2022 10:29AM","11/21/2022 09:00AM - 11/21/2022 9:59PM",216.437,"Yes","637bc15a6214a20b47e5acfa",,,"Participant 600",,,,,"A16780473"
"11/21/2022 10:42AM","11/21/2022 10:44AM","11/21/2022 09:00AM - 11/21/2022 9:59PM",135.902,"Yes","637adc946214a20b47e43593","0.0","0.0","Participant 601",,,,,"A16721135"
"11/21/2022 10:55AM","11/21/2022 10:57AM","11/21/2022 09:00AM - 11/21/2022 9:59PM",88.462,"Yes","637bc95d6214a20b47e5b86e",,,"Participant 602",,,,,"A16894677"
"11/21/2022 11:25AM","11/21/2022 11:27AM","11/21/2022 09:00AM - 11/21/2022 9:59PM",91.385,"Yes","637bd07f6214a20b47e5c29f","0.0","0.0","Participant 603",,,,,"A15865618"
"11/21/2022 12:26PM","11/21/2022 12:27PM","11/21/2022 09:00AM - 11/21/2022 9:59PM",90.517,"Yes","637bdec96214a20b47e5dcda","0.0","0.0","Participant 604",,,,,"A16124396"
"11/21/2022 4:51PM","11/21/2022 4:52PM","11/21/2022 09:00AM - 11/21/2022 9:59PM",56.367,"Yes","637b351c6214a20b47e4d1c5","0.0","0.0","Participant 605",,,,,"A17584836"
"11/26/2022 1:51PM","11/26/2022 1:53PM","11/26/2022 09:00AM - 11/26/2022 9:59PM",107.973,"Yes","638178ff5904000b41811500","0.0","0.0","Participant 606",,,,,"A16315785"